Customer_ID,Total_Spend,Avg_Transaction_Value,Transaction_Count,Last_Transaction_Date,Unique_Transaction_Types,Recency,Primary_Transaction_Type,Avg_Satisfaction_Score,Avg_Likelihood_to_Recommend,Is_High_Spender,Loyalty_Index,Income_Level_Group,Primary_Transaction_Type_Encoded
1,16792.0,2798.6666666666665,6,2023-07-02 03:00:00,4,26,Bill Payment,10.0,9.0,1,60.0,High,0
2,4907.0,2453.5,2,2023-05-21 23:00:00,2,67,Bill Payment,3.0,3.0,0,6.0,Medium,0
3,1538.0,1538.0,1,2023-02-27 23:00:00,1,150,Bill Payment,10.0,1.0,0,10.0,Low,0
4,8295.0,4147.5,2,2023-06-30 01:00:00,2,28,Loan Payment,7.0,4.0,0,14.0,High,2
5,14798.0,2959.6,5,2023-07-27 00:00:00,3,1,Bill Payment,8.0,7.0,0,40.0,High,0
6,8694.0,2898.0,3,2023-04-21 04:00:00,2,98,Loan Payment,3.0,1.0,0,9.0,High,2
7,3572.0,1786.0,2,2023-07-18 03:00:00,1,10,Loan Payment,3.0,2.0,0,6.0,Low,2
8,12252.0,2042.0,6,2023-04-25 06:00:00,3,94,Loan Payment,7.0,5.0,0,42.0,Low,2
9,17320.0,2165.0,8,2023-06-04 22:00:00,4,53,Investment,10.0,9.0,1,80.0,Low,1
10,15682.0,2613.6666666666665,6,2023-07-22 17:00:00,3,5,Bill Payment,7.0,1.0,0,42.0,Medium,0
11,4949.0,4949.0,1,2023-04-05 22:00:00,1,113,Bill Payment,9.0,4.0,0,9.0,High,0
12,15394.0,3078.8,5,2023-07-03 21:00:00,2,24,Bill Payment,6.0,3.0,0,30.0,High,0
13,18490.0,2054.4444444444443,9,2023-06-18 23:00:00,3,39,Bill Payment,7.0,5.0,1,63.0,Low,0
14,19347.0,2763.8571428571427,7,2023-06-26 14:00:00,3,31,Bill Payment,10.0,5.0,1,70.0,High,0
15,24941.0,3117.625,8,2023-06-30 06:00:00,3,28,Bill Payment,1.0,10.0,1,8.0,High,0
16,28563.0,3570.375,8,2023-07-20 16:00:00,2,7,Investment,7.0,2.0,1,56.0,High,1
17,14484.0,2896.8,5,2023-07-19 06:00:00,3,9,Investment,2.0,5.0,0,10.0,High,1
18,8074.0,2018.5,4,2023-05-31 18:00:00,3,57,Purchase,7.0,9.0,0,28.0,Low,3
19,6929.0,2309.6666666666665,3,2023-07-27 17:00:00,2,0,Bill Payment,3.0,5.0,0,9.0,Medium,0
20,4408.0,4408.0,1,2023-01-24 04:00:00,1,185,Loan Payment,9.0,10.0,0,9.0,High,2
21,14190.0,2365.0,6,2023-07-10 21:00:00,3,17,Investment,5.0,2.0,0,30.0,Medium,1
22,7440.0,2480.0,3,2023-07-11 14:00:00,1,16,Loan Payment,7.0,7.0,0,21.0,Medium,2
23,19469.0,1946.9,10,2023-06-12 22:00:00,4,45,Investment,8.0,6.0,1,80.0,Low,1
24,16534.0,4133.5,4,2023-05-24 03:00:00,2,65,Bill Payment,2.0,7.0,1,8.0,High,0
25,12719.0,3179.75,4,2023-07-08 19:00:00,2,19,Bill Payment,1.0,8.0,0,4.0,High,0
26,9026.0,2256.5,4,2023-05-24 06:00:00,3,65,Purchase,7.0,10.0,0,28.0,Medium,3
27,17623.0,2937.1666666666665,6,2023-07-03 20:00:00,3,24,Bill Payment,6.0,5.0,1,36.0,High,0
28,20987.0,2998.1428571428573,7,2023-03-12 06:00:00,3,138,Loan Payment,6.0,2.0,1,42.0,High,2
29,4253.0,1417.6666666666667,3,2023-07-16 03:00:00,2,12,Purchase,2.0,7.0,0,6.0,Low,3
30,22781.0,2531.222222222222,9,2023-06-30 19:00:00,4,27,Bill Payment,3.0,7.0,1,27.0,Medium,0
31,14962.0,2493.6666666666665,6,2023-05-22 20:00:00,3,66,Bill Payment,4.0,8.0,0,24.0,Medium,0
32,28958.0,3217.5555555555557,9,2023-06-19 17:00:00,4,38,Bill Payment,3.0,7.0,1,27.0,High,0
33,5771.0,1923.6666666666667,3,2023-06-27 20:00:00,1,30,Investment,2.0,10.0,0,6.0,Low,1
34,16045.0,2674.1666666666665,6,2023-05-23 17:00:00,4,65,Bill Payment,3.0,7.0,0,18.0,Medium,0
35,8533.0,2844.3333333333335,3,2023-06-25 04:00:00,3,33,Bill Payment,6.0,9.0,0,18.0,High,0
36,24595.0,2732.777777777778,9,2023-07-08 23:00:00,4,19,Investment,9.0,8.0,1,81.0,Medium,1
37,11775.0,1962.5,6,2023-05-25 13:00:00,4,63,Bill Payment,4.0,2.0,0,24.0,Low,0
38,26319.0,2924.3333333333335,9,2023-07-18 20:00:00,3,9,Bill Payment,6.0,2.0,1,54.0,High,0
39,26202.0,2620.2,10,2023-07-10 02:00:00,4,18,Loan Payment,1.0,7.0,1,10.0,Medium,2
40,6511.0,1627.75,4,2023-07-07 10:00:00,2,20,Investment,6.0,10.0,0,24.0,Low,1
41,16231.0,4057.75,4,2023-07-26 02:00:00,2,2,Purchase,3.0,10.0,0,12.0,High,3
42,9132.0,2283.0,4,2023-06-25 17:00:00,2,32,Purchase,9.0,3.0,0,36.0,Medium,3
43,5050.0,1010.0,5,2023-04-30 07:00:00,4,89,Purchase,4.0,1.0,0,20.0,Low,3
44,9153.0,2288.25,4,2023-05-11 03:00:00,2,78,Bill Payment,7.0,9.0,0,28.0,Medium,0
45,11109.0,2777.25,4,2023-07-08 07:00:00,3,20,Investment,4.0,3.0,0,16.0,High,1
46,8310.0,1187.142857142857,7,2023-06-17 13:00:00,3,40,Purchase,6.0,1.0,0,42.0,Low,3
47,19663.0,2457.875,8,2023-07-13 19:00:00,4,14,Investment,7.0,6.0,1,56.0,Medium,1
48,11357.0,2839.25,4,2023-07-02 01:00:00,3,26,Purchase,2.0,4.0,0,8.0,High,3
49,6676.0,2225.3333333333335,3,2023-07-15 23:00:00,3,12,Bill Payment,10.0,1.0,0,30.0,Medium,0
50,7730.0,1288.3333333333333,6,2023-06-10 06:00:00,3,48,Bill Payment,6.0,4.0,0,36.0,Low,0
51,13557.0,2259.5,6,2023-07-23 20:00:00,4,4,Loan Payment,8.0,8.0,0,48.0,Medium,2
52,23619.0,2952.375,8,2023-07-28 02:00:00,3,0,Bill Payment,6.0,7.0,1,48.0,High,0
53,16540.0,3308.0,5,2023-05-06 04:00:00,3,83,Loan Payment,6.0,1.0,1,30.0,High,2
55,19847.0,3307.8333333333335,6,2023-05-24 05:00:00,4,65,Purchase,1.0,9.0,1,6.0,High,3
56,11486.0,2297.2,5,2023-07-11 11:00:00,3,16,Investment,7.0,6.0,0,35.0,Medium,1
57,2570.0,1285.0,2,2023-04-12 10:00:00,2,106,Bill Payment,8.0,2.0,0,16.0,Low,0
58,6288.0,1572.0,4,2023-06-17 00:00:00,3,41,Bill Payment,10.0,3.0,0,40.0,Low,0
59,26354.0,3294.25,8,2023-07-15 04:00:00,4,13,Loan Payment,2.0,7.0,1,16.0,High,2
60,2784.0,1392.0,2,2023-04-20 06:00:00,2,99,Loan Payment,10.0,3.0,0,20.0,Low,2
61,1848.0,924.0,2,2023-07-14 07:00:00,2,14,Bill Payment,5.0,3.0,0,10.0,Low,0
62,7112.0,1422.4,5,2023-06-23 19:00:00,3,34,Bill Payment,8.0,5.0,0,40.0,Low,0
63,8502.0,2125.5,4,2023-05-28 04:00:00,2,61,Bill Payment,8.0,3.0,0,32.0,Low,0
64,4518.0,4518.0,1,2023-03-23 09:00:00,1,126,Bill Payment,5.0,3.0,0,5.0,High,0
65,7665.0,1916.25,4,2023-07-21 11:00:00,3,6,Purchase,8.0,5.0,0,32.0,Low,3
66,17008.0,2429.714285714286,7,2023-07-03 02:00:00,3,25,Purchase,6.0,5.0,1,42.0,Medium,3
67,17507.0,2917.8333333333335,6,2023-07-19 05:00:00,4,9,Bill Payment,5.0,9.0,1,30.0,High,0
68,15692.0,2241.714285714286,7,2023-07-27 14:00:00,4,0,Bill Payment,4.0,1.0,0,28.0,Medium,0
69,11484.0,1914.0,6,2023-07-12 18:00:00,4,15,Loan Payment,5.0,1.0,0,30.0,Low,2
70,6152.0,2050.6666666666665,3,2023-06-19 05:00:00,2,39,Investment,4.0,9.0,0,12.0,Low,1
71,12508.0,1786.857142857143,7,2023-07-23 13:00:00,3,4,Loan Payment,1.0,5.0,0,7.0,Low,2
72,23293.0,3882.1666666666665,6,2023-06-29 09:00:00,4,28,Investment,3.0,4.0,1,18.0,High,1
73,12600.0,2100.0,6,2023-07-18 10:00:00,4,9,Investment,8.0,2.0,0,48.0,Low,1
74,7363.0,1051.857142857143,7,2023-07-26 23:00:00,4,1,Purchase,7.0,9.0,0,49.0,Low,3
75,9301.0,3100.3333333333335,3,2023-06-23 15:00:00,2,34,Purchase,7.0,6.0,0,21.0,High,3
76,5693.0,2846.5,2,2023-04-20 15:00:00,2,98,Investment,3.0,9.0,0,6.0,High,1
77,15111.0,2158.714285714286,7,2023-05-17 16:00:00,4,71,Loan Payment,9.0,5.0,0,63.0,Low,2
78,25838.0,2870.8888888888887,9,2023-05-13 21:00:00,3,75,Bill Payment,6.0,4.0,1,54.0,High,0
79,30179.0,3017.9,10,2023-07-26 18:00:00,4,1,Bill Payment,8.0,7.0,1,80.0,High,0
80,14875.0,3718.75,4,2023-05-18 11:00:00,3,70,Loan Payment,8.0,5.0,0,32.0,High,2
81,20282.0,2535.25,8,2023-07-17 15:00:00,4,10,Loan Payment,3.0,8.0,1,24.0,Medium,2
82,15031.0,3757.75,4,2023-07-27 03:00:00,2,1,Investment,4.0,8.0,0,16.0,High,1
83,15720.0,2245.714285714286,7,2023-07-11 08:00:00,3,16,Bill Payment,6.0,2.0,0,42.0,Medium,0
84,22828.0,2853.5,8,2023-07-26 00:00:00,3,2,Bill Payment,2.0,5.0,1,16.0,High,0
85,10414.0,2082.8,5,2023-07-15 16:00:00,4,12,Bill Payment,7.0,10.0,0,35.0,Low,0
86,11973.0,2394.6,5,2023-05-30 11:00:00,4,58,Bill Payment,2.0,8.0,0,10.0,Medium,0
87,11480.0,1640.0,7,2023-06-24 10:00:00,4,33,Loan Payment,5.0,3.0,0,35.0,Low,2
89,2318.0,1159.0,2,2023-06-19 08:00:00,2,38,Investment,9.0,3.0,0,18.0,Low,1
90,15559.0,2593.1666666666665,6,2023-06-25 16:00:00,4,32,Purchase,2.0,6.0,0,12.0,Medium,3
91,9780.0,3260.0,3,2023-05-28 07:00:00,2,61,Investment,7.0,2.0,0,21.0,High,1
92,11939.0,2387.8,5,2023-07-07 23:00:00,4,20,Bill Payment,7.0,6.0,0,35.0,Medium,0
93,6254.0,2084.6666666666665,3,2023-07-22 13:00:00,3,5,Investment,7.0,6.0,0,21.0,Low,1
94,7010.0,3505.0,2,2023-02-01 23:00:00,2,176,Bill Payment,1.0,8.0,0,2.0,High,0
95,21748.0,2718.5,8,2023-07-23 05:00:00,4,5,Purchase,8.0,5.0,1,64.0,Medium,3
96,9522.0,2380.5,4,2023-07-24 21:00:00,2,3,Investment,2.0,1.0,0,8.0,Medium,1
97,10806.0,2161.2,5,2023-07-28 01:00:00,4,0,Purchase,5.0,8.0,0,25.0,Low,3
98,2536.0,1268.0,2,2023-06-07 03:00:00,1,51,Bill Payment,2.0,9.0,0,4.0,Low,0
99,12878.0,2575.6,5,2023-07-24 14:00:00,2,3,Bill Payment,5.0,1.0,0,25.0,Medium,0
100,5850.0,1462.5,4,2023-07-19 21:00:00,4,8,Bill Payment,7.0,5.0,0,28.0,Low,0
101,1552.0,1552.0,1,2023-03-11 06:00:00,1,139,Investment,6.0,6.0,0,6.0,Low,1
102,9005.0,4502.5,2,2023-02-16 20:00:00,2,161,Investment,5.0,4.0,0,10.0,High,1
103,20527.0,2565.875,8,2023-06-26 09:00:00,3,31,Purchase,4.0,2.0,1,32.0,Medium,3
104,17691.0,2948.5,6,2023-05-05 20:00:00,3,83,Bill Payment,8.0,5.0,1,48.0,High,0
105,12515.0,1787.857142857143,7,2023-05-25 23:00:00,4,63,Purchase,8.0,4.0,0,56.0,Low,3
106,18226.0,2025.111111111111,9,2023-07-26 10:00:00,4,1,Purchase,1.0,7.0,1,9.0,Low,3
107,9201.0,1533.5,6,2023-07-23 08:00:00,4,4,Bill Payment,10.0,6.0,0,60.0,Low,0
108,22922.0,3274.5714285714284,7,2023-06-28 04:00:00,2,30,Bill Payment,2.0,3.0,1,14.0,High,0
109,7492.0,1498.4,5,2023-05-14 01:00:00,4,75,Investment,3.0,9.0,0,15.0,Low,1
110,5303.0,1325.75,4,2023-06-27 00:00:00,3,31,Bill Payment,1.0,4.0,0,4.0,Low,0
111,13866.0,2311.0,6,2023-07-13 09:00:00,3,14,Bill Payment,6.0,5.0,0,36.0,Medium,0
112,15824.0,2260.5714285714284,7,2023-06-16 09:00:00,4,41,Bill Payment,10.0,3.0,0,70.0,Medium,0
113,21835.0,2729.375,8,2023-06-06 11:00:00,4,51,Bill Payment,8.0,8.0,1,64.0,Medium,0
114,3761.0,1880.5,2,2023-06-02 06:00:00,2,56,Bill Payment,4.0,7.0,0,8.0,Low,0
115,5187.0,1296.75,4,2023-07-19 20:00:00,2,8,Investment,7.0,7.0,0,28.0,Low,1
116,22409.0,3201.285714285714,7,2023-07-07 03:00:00,4,21,Bill Payment,7.0,8.0,1,49.0,High,0
117,23698.0,2962.25,8,2023-07-08 03:00:00,3,20,Investment,5.0,7.0,1,40.0,High,1
118,10669.0,3556.3333333333335,3,2023-06-01 15:00:00,2,56,Investment,6.0,3.0,0,18.0,High,1
119,8152.0,2717.3333333333335,3,2023-07-16 06:00:00,2,12,Investment,10.0,3.0,0,30.0,Medium,1
120,12990.0,1855.7142857142858,7,2023-07-10 10:00:00,4,17,Purchase,4.0,2.0,0,28.0,Low,3
121,6941.0,3470.5,2,2023-05-12 20:00:00,1,76,Loan Payment,7.0,1.0,0,14.0,High,2
122,22732.0,2841.5,8,2023-07-18 14:00:00,4,9,Bill Payment,5.0,5.0,1,40.0,High,0
123,9326.0,2331.5,4,2023-07-11 23:00:00,2,16,Purchase,2.0,4.0,0,8.0,Medium,3
124,1017.0,1017.0,1,2023-01-26 05:00:00,1,183,Investment,8.0,2.0,0,8.0,Low,1
125,12811.0,4270.333333333333,3,2023-06-30 05:00:00,1,28,Purchase,2.0,1.0,0,6.0,High,3
126,4171.0,4171.0,1,2023-07-26 15:00:00,1,1,Bill Payment,8.0,3.0,0,8.0,High,0
127,7813.0,2604.3333333333335,3,2023-07-20 23:00:00,2,7,Loan Payment,2.0,6.0,0,6.0,Medium,2
128,12388.0,3097.0,4,2023-06-20 20:00:00,2,37,Investment,5.0,2.0,0,20.0,High,1
129,17920.0,3584.0,5,2023-07-21 02:00:00,2,7,Investment,4.0,10.0,1,20.0,High,1
130,13150.0,4383.333333333333,3,2023-07-02 11:00:00,3,25,Bill Payment,1.0,7.0,0,3.0,High,0
131,15541.0,3108.2,5,2023-07-14 03:00:00,3,14,Loan Payment,8.0,7.0,0,40.0,High,2
132,8478.0,1695.6,5,2023-05-19 19:00:00,3,69,Investment,10.0,3.0,0,50.0,Low,1
133,6624.0,1656.0,4,2023-07-16 10:00:00,2,11,Bill Payment,3.0,1.0,0,12.0,Low,0
134,8267.0,2066.75,4,2023-07-02 22:00:00,1,25,Investment,4.0,9.0,0,16.0,Low,1
135,9408.0,2352.0,4,2023-07-13 07:00:00,3,15,Loan Payment,4.0,5.0,0,16.0,Medium,2
136,22198.0,3699.6666666666665,6,2023-07-26 08:00:00,4,1,Investment,5.0,2.0,1,30.0,High,1
137,3520.0,3520.0,1,2023-05-04 10:00:00,1,84,Bill Payment,3.0,8.0,0,3.0,High,0
138,7340.0,2446.6666666666665,3,2023-07-05 06:00:00,3,23,Bill Payment,9.0,10.0,0,27.0,Medium,0
139,5581.0,2790.5,2,2023-07-20 02:00:00,1,8,Investment,4.0,10.0,0,8.0,High,1
140,3528.0,3528.0,1,2023-04-19 11:00:00,1,99,Purchase,10.0,4.0,0,10.0,High,3
141,11646.0,2911.5,4,2023-06-19 15:00:00,3,38,Investment,4.0,10.0,0,16.0,High,1
142,24363.0,3480.4285714285716,7,2023-05-05 02:00:00,4,84,Bill Payment,6.0,7.0,1,42.0,High,0
143,9366.0,2341.5,4,2023-07-23 22:00:00,3,4,Loan Payment,8.0,5.0,0,32.0,Medium,2
144,10382.0,3460.6666666666665,3,2023-05-02 09:00:00,3,86,Bill Payment,7.0,3.0,0,21.0,High,0
145,12295.0,1756.4285714285713,7,2023-06-28 20:00:00,3,29,Loan Payment,4.0,10.0,0,28.0,Low,2
146,12493.0,2498.6,5,2023-04-10 21:00:00,3,108,Bill Payment,4.0,8.0,0,20.0,Medium,0
147,5190.0,1297.5,4,2023-04-12 14:00:00,3,106,Investment,5.0,2.0,0,20.0,Low,1
148,18354.0,2294.25,8,2023-06-20 05:00:00,4,38,Loan Payment,10.0,1.0,1,80.0,Medium,2
149,34396.0,2866.3333333333335,12,2023-07-08 02:00:00,4,20,Purchase,5.0,5.0,1,60.0,High,3
150,14784.0,3696.0,4,2023-07-10 05:00:00,3,18,Investment,1.0,4.0,0,4.0,High,1
151,12631.0,3157.75,4,2023-05-20 08:00:00,3,68,Investment,8.0,10.0,0,32.0,High,1
152,22796.0,3256.5714285714284,7,2023-07-25 12:00:00,3,2,Investment,10.0,7.0,1,70.0,High,1
153,14655.0,2931.0,5,2023-06-22 02:00:00,4,36,Loan Payment,5.0,9.0,0,25.0,High,2
154,15514.0,2585.6666666666665,6,2023-07-01 23:00:00,3,26,Loan Payment,3.0,6.0,0,18.0,Medium,2
155,16738.0,2789.6666666666665,6,2023-07-03 17:00:00,3,24,Loan Payment,3.0,1.0,1,18.0,High,2
156,22256.0,2782.0,8,2023-07-12 01:00:00,4,16,Purchase,4.0,8.0,1,32.0,High,3
157,8350.0,2087.5,4,2023-05-20 07:00:00,3,69,Purchase,7.0,2.0,0,28.0,Low,3
158,12497.0,2499.4,5,2023-07-24 11:00:00,3,3,Loan Payment,5.0,4.0,0,25.0,Medium,2
159,8296.0,2765.3333333333335,3,2023-07-03 09:00:00,2,24,Investment,1.0,3.0,0,3.0,High,1
160,6309.0,2103.0,3,2023-07-13 02:00:00,2,15,Bill Payment,5.0,6.0,0,15.0,Low,0
161,28531.0,2377.5833333333335,12,2023-07-08 01:00:00,4,20,Loan Payment,5.0,2.0,1,60.0,Medium,2
162,12887.0,1841.0,7,2023-06-08 20:00:00,3,49,Purchase,6.0,5.0,0,42.0,Low,3
163,737.0,737.0,1,2023-05-27 22:00:00,1,61,Bill Payment,7.0,9.0,0,7.0,Low,0
164,12567.0,3141.75,4,2023-07-14 08:00:00,3,13,Purchase,5.0,3.0,0,20.0,High,3
165,13925.0,3481.25,4,2023-07-16 23:00:00,1,11,Loan Payment,2.0,2.0,0,8.0,High,2
166,9306.0,2326.5,4,2023-05-22 01:00:00,4,67,Bill Payment,2.0,2.0,0,8.0,Medium,0
167,10262.0,1710.3333333333333,6,2023-07-24 04:00:00,3,4,Investment,4.0,9.0,0,24.0,Low,1
168,7771.0,1295.1666666666667,6,2023-07-01 08:00:00,3,26,Loan Payment,1.0,6.0,0,6.0,Low,2
169,21372.0,2374.6666666666665,9,2023-06-21 02:00:00,4,37,Loan Payment,7.0,2.0,1,63.0,Medium,2
170,1702.0,1702.0,1,2023-04-13 13:00:00,1,105,Purchase,1.0,3.0,0,1.0,Low,3
171,3641.0,1820.5,2,2023-07-01 18:00:00,2,26,Bill Payment,3.0,1.0,0,6.0,Low,0
172,17092.0,2441.714285714286,7,2023-06-05 06:00:00,3,53,Bill Payment,10.0,2.0,1,70.0,Medium,0
173,10760.0,2690.0,4,2023-07-02 09:00:00,4,25,Bill Payment,7.0,2.0,0,28.0,Medium,0
174,5613.0,1871.0,3,2023-05-21 14:00:00,2,67,Bill Payment,6.0,2.0,0,18.0,Low,0
175,16274.0,2324.8571428571427,7,2023-07-28 03:00:00,4,0,Bill Payment,7.0,7.0,0,49.0,Medium,0
176,10166.0,2541.5,4,2023-06-13 13:00:00,3,44,Loan Payment,5.0,3.0,0,20.0,Medium,2
177,11113.0,1852.1666666666667,6,2023-07-12 22:00:00,4,15,Investment,8.0,4.0,0,48.0,Low,1
178,11780.0,1963.3333333333333,6,2023-05-25 14:00:00,4,63,Bill Payment,6.0,2.0,0,36.0,Low,0
179,8134.0,2033.5,4,2023-06-28 18:00:00,3,29,Investment,4.0,5.0,0,16.0,Low,1
180,11064.0,2212.8,5,2023-06-08 08:00:00,3,49,Bill Payment,1.0,9.0,0,5.0,Medium,0
181,10698.0,2674.5,4,2023-06-24 11:00:00,3,33,Purchase,2.0,9.0,0,8.0,Medium,3
182,4709.0,2354.5,2,2023-07-07 11:00:00,2,20,Investment,6.0,7.0,0,12.0,Medium,1
183,13940.0,2323.3333333333335,6,2023-06-16 11:00:00,3,41,Bill Payment,4.0,8.0,0,24.0,Medium,0
184,14820.0,2470.0,6,2023-07-19 04:00:00,4,9,Investment,3.0,5.0,0,18.0,Medium,1
185,15906.0,2272.285714285714,7,2023-07-24 10:00:00,3,3,Investment,7.0,5.0,0,49.0,Medium,1
186,18257.0,2608.1428571428573,7,2023-06-21 01:00:00,4,37,Purchase,7.0,3.0,1,49.0,Medium,3
187,5919.0,1973.0,3,2023-06-27 22:00:00,3,30,Bill Payment,2.0,6.0,0,6.0,Low,0
188,10907.0,2726.75,4,2023-07-09 05:00:00,2,19,Bill Payment,8.0,1.0,0,32.0,Medium,0
189,19216.0,2135.1111111111113,9,2023-06-08 03:00:00,4,50,Bill Payment,1.0,3.0,1,9.0,Low,0
190,5175.0,2587.5,2,2023-07-10 22:00:00,2,17,Investment,10.0,2.0,0,20.0,Medium,1
191,14165.0,2360.8333333333335,6,2023-06-01 18:00:00,3,56,Bill Payment,7.0,7.0,0,42.0,Medium,0
192,17200.0,2457.1428571428573,7,2023-07-26 01:00:00,3,2,Bill Payment,10.0,9.0,1,70.0,Medium,0
193,21112.0,3016.0,7,2023-05-13 23:00:00,3,75,Bill Payment,1.0,4.0,1,7.0,High,0
194,21814.0,2726.75,8,2023-07-13 17:00:00,4,14,Loan Payment,3.0,7.0,1,24.0,Medium,2
195,15675.0,3135.0,5,2023-07-21 10:00:00,3,6,Investment,3.0,8.0,0,15.0,High,1
196,13945.0,2324.1666666666665,6,2023-06-14 12:00:00,4,43,Bill Payment,10.0,10.0,0,60.0,Medium,0
197,7851.0,2617.0,3,2023-07-08 18:00:00,2,19,Loan Payment,2.0,2.0,0,6.0,Medium,2
198,17538.0,2923.0,6,2023-06-28 23:00:00,3,29,Loan Payment,10.0,7.0,1,60.0,High,2
199,10680.0,2670.0,4,2023-05-16 16:00:00,2,72,Loan Payment,5.0,3.0,0,20.0,Medium,2
200,4422.0,2211.0,2,2023-04-28 16:00:00,2,90,Bill Payment,4.0,8.0,0,8.0,Medium,0
201,7618.0,1523.6,5,2023-04-24 19:00:00,4,94,Purchase,6.0,6.0,0,30.0,Low,3
202,29806.0,2980.6,10,2023-07-24 17:00:00,4,3,Bill Payment,2.0,3.0,1,20.0,High,0
203,15901.0,2650.1666666666665,6,2023-07-02 21:00:00,3,25,Bill Payment,4.0,8.0,0,24.0,Medium,0
204,7810.0,1952.5,4,2023-06-23 12:00:00,2,34,Bill Payment,7.0,3.0,0,28.0,Low,0
205,8272.0,2757.3333333333335,3,2023-06-26 13:00:00,2,31,Bill Payment,1.0,9.0,0,3.0,High,0
206,3450.0,1725.0,2,2023-07-04 11:00:00,2,23,Bill Payment,3.0,3.0,0,6.0,Low,0
207,20991.0,3498.5,6,2023-07-01 22:00:00,4,26,Purchase,1.0,1.0,1,6.0,High,3
208,8592.0,2148.0,4,2023-05-24 18:00:00,3,64,Bill Payment,2.0,2.0,0,8.0,Low,0
209,3819.0,954.75,4,2023-07-22 05:00:00,3,6,Purchase,9.0,4.0,0,36.0,Low,3
210,11518.0,3839.3333333333335,3,2023-07-06 10:00:00,2,21,Loan Payment,10.0,2.0,0,30.0,High,2
211,10456.0,2614.0,4,2023-05-26 23:00:00,3,62,Investment,5.0,4.0,0,20.0,Medium,1
212,4204.0,2102.0,2,2023-05-08 07:00:00,2,81,Investment,4.0,4.0,0,8.0,Low,1
213,4766.0,953.2,5,2023-06-28 00:00:00,2,30,Purchase,4.0,4.0,0,20.0,Low,3
214,11440.0,2288.0,5,2023-04-29 14:00:00,4,89,Bill Payment,8.0,1.0,0,40.0,Medium,0
215,13713.0,2285.5,6,2023-07-22 00:00:00,3,6,Purchase,3.0,9.0,0,18.0,Medium,3
216,15649.0,2608.1666666666665,6,2023-06-28 06:00:00,3,30,Purchase,4.0,10.0,0,24.0,Medium,3
217,19007.0,2375.875,8,2023-06-25 05:00:00,4,33,Loan Payment,2.0,7.0,1,16.0,Medium,2
218,10346.0,2586.5,4,2023-07-25 02:00:00,2,3,Bill Payment,6.0,2.0,0,24.0,Medium,0
219,10575.0,1762.5,6,2023-07-25 05:00:00,3,3,Bill Payment,9.0,3.0,0,54.0,Low,0
220,17741.0,2534.4285714285716,7,2023-05-19 12:00:00,4,69,Bill Payment,4.0,8.0,1,28.0,Medium,0
221,7280.0,3640.0,2,2023-05-26 01:00:00,2,63,Investment,6.0,7.0,0,12.0,High,1
222,23154.0,3859.0,6,2023-06-24 15:00:00,3,33,Purchase,4.0,4.0,1,24.0,High,3
223,10797.0,1799.5,6,2023-07-09 01:00:00,4,19,Bill Payment,2.0,4.0,0,12.0,Low,0
224,9272.0,2318.0,4,2023-07-27 12:00:00,2,0,Investment,6.0,9.0,0,24.0,Medium,1
225,11296.0,2824.0,4,2023-07-11 20:00:00,3,16,Purchase,7.0,5.0,0,28.0,High,3
226,7757.0,3878.5,2,2023-05-19 21:00:00,2,69,Bill Payment,4.0,5.0,0,8.0,High,0
227,9941.0,1988.2,5,2023-07-22 09:00:00,3,5,Investment,6.0,7.0,0,30.0,Low,1
228,13969.0,2328.1666666666665,6,2023-05-22 15:00:00,3,66,Bill Payment,8.0,1.0,0,48.0,Medium,0
229,5974.0,1991.3333333333333,3,2023-06-24 01:00:00,2,34,Investment,3.0,3.0,0,9.0,Low,1
230,11144.0,2228.8,5,2023-05-13 19:00:00,3,75,Investment,2.0,2.0,0,10.0,Medium,1
231,7034.0,1406.8,5,2023-06-30 17:00:00,2,27,Loan Payment,5.0,10.0,0,25.0,Low,2
232,15353.0,3838.25,4,2023-07-21 07:00:00,2,7,Loan Payment,2.0,6.0,0,8.0,High,2
233,10936.0,2187.2,5,2023-06-03 02:00:00,2,55,Purchase,10.0,6.0,0,50.0,Medium,3
234,13926.0,2321.0,6,2023-07-08 12:00:00,3,19,Investment,5.0,10.0,0,30.0,Medium,1
235,7797.0,3898.5,2,2023-05-09 18:00:00,2,79,Bill Payment,10.0,1.0,0,20.0,High,0
236,14063.0,2343.8333333333335,6,2023-06-05 11:00:00,4,52,Investment,6.0,6.0,0,36.0,Medium,1
237,4888.0,4888.0,1,2023-05-15 13:00:00,1,73,Bill Payment,8.0,10.0,0,8.0,High,0
238,3267.0,1633.5,2,2023-06-16 19:00:00,2,41,Bill Payment,6.0,2.0,0,12.0,Low,0
239,8082.0,2020.5,4,2023-06-12 12:00:00,2,45,Purchase,4.0,4.0,0,16.0,Low,3
240,13699.0,1957.0,7,2023-06-30 11:00:00,3,27,Investment,3.0,6.0,0,21.0,Low,1
241,18421.0,2302.625,8,2023-07-24 15:00:00,3,3,Investment,2.0,3.0,1,16.0,Medium,1
242,15696.0,3924.0,4,2023-07-13 22:00:00,2,14,Loan Payment,1.0,3.0,0,4.0,High,2
243,12097.0,2419.4,5,2023-05-29 19:00:00,3,59,Investment,2.0,3.0,0,10.0,Medium,1
244,25356.0,2535.6,10,2023-07-14 14:00:00,4,13,Purchase,2.0,4.0,1,20.0,Medium,3
245,20364.0,2545.5,8,2023-04-30 18:00:00,4,88,Bill Payment,5.0,9.0,1,40.0,Medium,0
246,13095.0,1636.875,8,2023-06-29 14:00:00,4,28,Bill Payment,9.0,4.0,0,72.0,Low,0
247,12176.0,2029.3333333333333,6,2023-07-17 16:00:00,4,10,Bill Payment,1.0,4.0,0,6.0,Low,0
248,8430.0,2810.0,3,2023-05-31 22:00:00,3,57,Bill Payment,4.0,4.0,0,12.0,High,0
249,16771.0,3354.2,5,2023-07-04 20:00:00,4,23,Investment,10.0,7.0,1,50.0,High,1
250,6732.0,2244.0,3,2023-05-21 17:00:00,2,67,Purchase,7.0,5.0,0,21.0,Medium,3
251,4497.0,1499.0,3,2023-05-15 03:00:00,3,74,Investment,10.0,2.0,0,30.0,Low,1
252,3454.0,1727.0,2,2023-05-27 01:00:00,2,62,Loan Payment,3.0,7.0,0,6.0,Low,2
253,13723.0,2287.1666666666665,6,2023-06-29 07:00:00,4,29,Investment,8.0,3.0,0,48.0,Medium,1
254,16912.0,3382.4,5,2023-07-03 11:00:00,3,24,Investment,3.0,1.0,1,15.0,High,1
255,9699.0,2424.75,4,2023-06-15 13:00:00,3,42,Purchase,8.0,9.0,0,32.0,Medium,3
256,4900.0,1633.3333333333333,3,2023-03-15 21:00:00,1,134,Loan Payment,2.0,5.0,0,6.0,Low,2
257,10457.0,2091.4,5,2023-07-09 20:00:00,3,18,Investment,5.0,10.0,0,25.0,Low,1
258,20083.0,3347.1666666666665,6,2023-07-07 20:00:00,3,20,Loan Payment,4.0,1.0,1,24.0,High,2
259,24962.0,3566.0,7,2023-06-04 13:00:00,3,53,Bill Payment,9.0,1.0,1,63.0,High,0
260,24476.0,2719.5555555555557,9,2023-07-24 06:00:00,4,4,Bill Payment,3.0,1.0,1,27.0,Medium,0
261,10994.0,2198.8,5,2023-05-13 08:00:00,3,75,Investment,5.0,9.0,0,25.0,Medium,1
262,22368.0,3195.4285714285716,7,2023-06-08 18:00:00,4,49,Bill Payment,10.0,8.0,1,70.0,High,0
263,13666.0,1952.2857142857142,7,2023-07-10 04:00:00,3,18,Loan Payment,9.0,6.0,0,63.0,Low,2
264,4269.0,1067.25,4,2023-07-11 19:00:00,2,16,Investment,6.0,10.0,0,24.0,Low,1
265,10912.0,2182.4,5,2023-04-17 00:00:00,4,102,Purchase,2.0,6.0,0,10.0,Medium,3
266,1636.0,818.0,2,2023-06-02 23:00:00,2,55,Loan Payment,1.0,6.0,0,2.0,Low,2
267,15174.0,3034.8,5,2023-04-29 13:00:00,3,89,Loan Payment,1.0,4.0,0,5.0,High,2
268,1686.0,843.0,2,2023-07-07 02:00:00,2,21,Loan Payment,7.0,5.0,0,14.0,Low,2
269,9061.0,1812.2,5,2023-06-25 10:00:00,2,32,Loan Payment,2.0,10.0,0,10.0,Low,2
270,13914.0,2319.0,6,2023-07-14 04:00:00,4,14,Investment,7.0,3.0,0,42.0,Medium,1
271,13787.0,1969.5714285714287,7,2023-05-28 15:00:00,4,60,Investment,1.0,3.0,0,7.0,Low,1
272,14685.0,2937.0,5,2023-07-14 10:00:00,3,13,Bill Payment,4.0,10.0,0,20.0,High,0
273,16307.0,2329.5714285714284,7,2023-07-25 04:00:00,3,3,Loan Payment,10.0,7.0,0,70.0,Medium,2
274,7614.0,1903.5,4,2023-06-25 03:00:00,3,33,Purchase,4.0,5.0,0,16.0,Low,3
275,7098.0,1419.6,5,2023-06-23 03:00:00,3,35,Investment,5.0,8.0,0,25.0,Low,1
276,23797.0,2974.625,8,2023-06-29 11:00:00,3,28,Loan Payment,10.0,5.0,1,80.0,High,2
277,11538.0,2884.5,4,2023-07-21 14:00:00,2,6,Investment,1.0,4.0,0,4.0,High,1
278,16540.0,2362.8571428571427,7,2023-07-27 09:00:00,3,0,Purchase,7.0,3.0,1,49.0,Medium,3
279,9164.0,1527.3333333333333,6,2023-06-20 14:00:00,4,37,Loan Payment,2.0,2.0,0,12.0,Low,2
280,4335.0,2167.5,2,2023-02-21 12:00:00,2,156,Investment,2.0,3.0,0,4.0,Low,1
281,25670.0,3667.1428571428573,7,2023-05-24 07:00:00,3,65,Bill Payment,8.0,7.0,1,56.0,High,0
282,2539.0,2539.0,1,2023-05-24 23:00:00,1,64,Purchase,9.0,8.0,0,9.0,Medium,3
283,16347.0,2724.5,6,2023-07-13 12:00:00,3,14,Loan Payment,6.0,5.0,0,36.0,Medium,2
284,9103.0,3034.3333333333335,3,2023-05-17 21:00:00,2,71,Loan Payment,1.0,1.0,0,3.0,High,2
285,16980.0,3396.0,5,2023-06-20 00:00:00,2,38,Loan Payment,1.0,3.0,1,5.0,High,2
286,14048.0,2006.857142857143,7,2023-06-13 15:00:00,3,44,Bill Payment,7.0,4.0,0,49.0,Low,0
287,10442.0,1740.3333333333333,6,2023-06-08 14:00:00,4,49,Investment,8.0,10.0,0,48.0,Low,1
288,19863.0,2837.5714285714284,7,2023-06-26 01:00:00,4,32,Loan Payment,3.0,4.0,1,21.0,High,2
289,6770.0,2256.6666666666665,3,2023-06-21 13:00:00,2,36,Loan Payment,9.0,1.0,0,27.0,Medium,2
290,24774.0,3096.75,8,2023-07-04 04:00:00,4,24,Bill Payment,4.0,10.0,1,32.0,High,0
291,3708.0,1854.0,2,2023-05-02 19:00:00,2,86,Loan Payment,4.0,9.0,0,8.0,Low,2
292,5782.0,1927.3333333333333,3,2023-07-20 12:00:00,2,7,Loan Payment,3.0,10.0,0,9.0,Low,2
293,7968.0,2656.0,3,2023-07-15 22:00:00,3,12,Bill Payment,8.0,4.0,0,24.0,Medium,0
294,13197.0,1885.2857142857142,7,2023-07-20 07:00:00,3,8,Purchase,9.0,2.0,0,63.0,Low,3
295,19554.0,3259.0,6,2023-06-23 00:00:00,3,35,Purchase,1.0,9.0,1,6.0,High,3
296,13579.0,2715.8,5,2023-06-18 04:00:00,4,40,Bill Payment,2.0,4.0,0,10.0,Medium,0
297,22818.0,2852.25,8,2023-05-15 11:00:00,4,73,Bill Payment,1.0,4.0,1,8.0,High,0
298,13130.0,3282.5,4,2023-06-12 06:00:00,3,46,Bill Payment,4.0,6.0,0,16.0,High,0
299,8270.0,4135.0,2,2023-05-26 07:00:00,1,63,Purchase,10.0,8.0,0,20.0,High,3
300,9116.0,1823.2,5,2023-04-19 13:00:00,3,99,Investment,7.0,5.0,0,35.0,Low,1
301,19287.0,3857.4,5,2023-07-12 03:00:00,4,16,Loan Payment,7.0,8.0,1,35.0,High,2
302,17662.0,2523.1428571428573,7,2023-07-20 06:00:00,4,8,Investment,6.0,1.0,1,42.0,Medium,1
303,11487.0,2297.4,5,2023-07-22 19:00:00,4,5,Purchase,5.0,4.0,0,25.0,Medium,3
304,15731.0,1966.375,8,2023-06-26 20:00:00,4,31,Bill Payment,4.0,1.0,0,32.0,Low,0
305,12673.0,3168.25,4,2023-06-10 11:00:00,3,47,Loan Payment,8.0,3.0,0,32.0,High,2
306,8528.0,2842.6666666666665,3,2023-04-28 05:00:00,3,91,Bill Payment,7.0,7.0,0,21.0,High,0
307,17716.0,1968.4444444444443,9,2023-07-17 23:00:00,4,10,Loan Payment,10.0,1.0,1,90.0,Low,2
308,26462.0,2646.2,10,2023-06-27 09:00:00,4,30,Investment,1.0,5.0,1,10.0,Medium,1
309,7750.0,2583.3333333333335,3,2023-07-26 06:00:00,3,2,Bill Payment,6.0,1.0,0,18.0,Medium,0
310,15821.0,1977.625,8,2023-06-11 01:00:00,4,47,Bill Payment,2.0,6.0,0,16.0,Low,0
311,5048.0,1682.6666666666667,3,2023-06-25 01:00:00,2,33,Loan Payment,4.0,9.0,0,12.0,Low,2
312,20988.0,2998.285714285714,7,2023-03-30 00:00:00,3,120,Investment,5.0,3.0,1,35.0,High,1
313,8217.0,2054.25,4,2023-06-02 08:00:00,3,55,Loan Payment,8.0,6.0,0,32.0,Low,2
314,10005.0,2501.25,4,2023-06-03 10:00:00,2,54,Purchase,6.0,4.0,0,24.0,Medium,3
315,4825.0,4825.0,1,2023-04-04 21:00:00,1,114,Loan Payment,2.0,6.0,0,2.0,High,2
316,17708.0,2951.3333333333335,6,2023-07-19 10:00:00,4,8,Loan Payment,5.0,2.0,1,30.0,High,2
317,9703.0,2425.75,4,2023-05-11 16:00:00,3,77,Purchase,5.0,4.0,0,20.0,Medium,3
318,9877.0,3292.3333333333335,3,2023-06-19 06:00:00,3,39,Bill Payment,6.0,7.0,0,18.0,High,0
319,7885.0,2628.3333333333335,3,2023-07-14 22:00:00,2,13,Investment,1.0,6.0,0,3.0,Medium,1
320,19369.0,2421.125,8,2023-07-27 15:00:00,4,0,Investment,8.0,9.0,1,64.0,Medium,1
321,16246.0,2707.6666666666665,6,2023-07-22 16:00:00,3,5,Bill Payment,3.0,7.0,0,18.0,Medium,0
322,5742.0,2871.0,2,2023-07-22 20:00:00,2,5,Bill Payment,5.0,1.0,0,10.0,High,0
323,2816.0,2816.0,1,2023-06-08 05:00:00,1,50,Loan Payment,7.0,6.0,0,7.0,High,2
324,2392.0,1196.0,2,2023-07-20 04:00:00,2,8,Bill Payment,3.0,3.0,0,6.0,Low,0
325,13376.0,3344.0,4,2023-06-27 16:00:00,2,30,Loan Payment,10.0,8.0,0,40.0,High,2
326,6978.0,2326.0,3,2023-05-29 03:00:00,3,60,Bill Payment,6.0,1.0,0,18.0,Medium,0
327,3692.0,1846.0,2,2023-07-16 11:00:00,2,11,Loan Payment,5.0,10.0,0,10.0,Low,2
328,8734.0,1746.8,5,2023-06-11 15:00:00,3,46,Investment,7.0,2.0,0,35.0,Low,1
329,18694.0,2670.5714285714284,7,2023-07-07 08:00:00,4,20,Investment,10.0,3.0,1,70.0,Medium,1
330,18841.0,3140.1666666666665,6,2023-07-10 09:00:00,4,17,Bill Payment,3.0,3.0,1,18.0,High,0
331,13418.0,2236.3333333333335,6,2023-05-19 16:00:00,3,69,Bill Payment,2.0,7.0,0,12.0,Medium,0
332,6710.0,1677.5,4,2023-07-25 09:00:00,3,2,Loan Payment,4.0,8.0,0,16.0,Low,2
333,20368.0,2546.0,8,2023-06-09 07:00:00,4,49,Loan Payment,3.0,9.0,1,24.0,Medium,2
334,9452.0,1890.4,5,2023-05-04 18:00:00,2,84,Purchase,4.0,7.0,0,20.0,Low,3
335,13724.0,2744.8,5,2023-06-17 23:00:00,4,40,Bill Payment,7.0,8.0,0,35.0,Medium,0
336,9769.0,1395.5714285714287,7,2023-07-20 18:00:00,3,7,Bill Payment,5.0,6.0,0,35.0,Low,0
337,18512.0,3085.3333333333335,6,2023-07-04 17:00:00,4,23,Purchase,4.0,2.0,1,24.0,High,3
338,25222.0,4203.666666666667,6,2023-07-28 04:00:00,2,0,Bill Payment,6.0,1.0,1,36.0,High,0
339,12374.0,2062.3333333333335,6,2023-06-02 10:00:00,4,55,Bill Payment,7.0,3.0,0,42.0,Low,0
340,13414.0,2682.8,5,2023-06-21 14:00:00,3,36,Bill Payment,5.0,9.0,0,25.0,Medium,0
341,11832.0,2958.0,4,2023-07-09 18:00:00,3,18,Loan Payment,7.0,7.0,0,28.0,High,2
342,24043.0,3005.375,8,2023-07-13 21:00:00,4,14,Loan Payment,3.0,2.0,1,24.0,High,2
343,10179.0,2035.8,5,2023-07-28 00:00:00,2,0,Bill Payment,7.0,1.0,0,35.0,Low,0
344,3757.0,1252.3333333333333,3,2023-04-24 04:00:00,2,95,Bill Payment,3.0,2.0,0,9.0,Low,0
345,14161.0,2360.1666666666665,6,2023-07-20 00:00:00,3,8,Bill Payment,6.0,3.0,0,36.0,Medium,0
346,15121.0,2520.1666666666665,6,2023-07-01 06:00:00,4,27,Bill Payment,8.0,6.0,0,48.0,Medium,0
347,12411.0,3102.75,4,2023-07-25 13:00:00,3,2,Investment,6.0,9.0,0,24.0,High,1
348,14463.0,2410.5,6,2023-04-15 06:00:00,3,104,Loan Payment,6.0,8.0,0,36.0,Medium,2
349,11111.0,2222.2,5,2023-07-20 01:00:00,2,8,Loan Payment,3.0,10.0,0,15.0,Medium,2
350,19741.0,3948.2,5,2023-06-14 16:00:00,2,43,Investment,5.0,9.0,1,25.0,High,1
351,29433.0,2675.7272727272725,11,2023-06-28 03:00:00,4,30,Bill Payment,9.0,8.0,1,99.0,Medium,0
352,13363.0,3340.75,4,2023-06-27 11:00:00,2,30,Bill Payment,8.0,7.0,0,32.0,High,0
353,6249.0,2083.0,3,2023-07-28 07:00:00,3,0,Investment,6.0,6.0,0,18.0,Low,1
354,10395.0,2598.75,4,2023-02-23 21:00:00,3,154,Investment,9.0,8.0,0,36.0,Medium,1
355,4273.0,4273.0,1,2023-02-09 10:00:00,1,168,Bill Payment,2.0,6.0,0,2.0,High,0
356,15496.0,3099.2,5,2023-06-25 15:00:00,2,32,Investment,9.0,2.0,0,45.0,High,1
357,22992.0,3284.5714285714284,7,2023-07-26 16:00:00,4,1,Purchase,10.0,9.0,1,70.0,High,3
358,1898.0,949.0,2,2023-06-05 04:00:00,1,53,Investment,10.0,9.0,0,20.0,Low,1
359,4150.0,1383.3333333333333,3,2023-03-20 14:00:00,3,129,Investment,6.0,3.0,0,18.0,Low,1
360,24567.0,3509.5714285714284,7,2023-07-07 07:00:00,3,21,Investment,9.0,9.0,1,63.0,High,1
361,18701.0,2671.5714285714284,7,2023-06-26 10:00:00,4,31,Bill Payment,4.0,2.0,1,28.0,Medium,0
362,1884.0,628.0,3,2023-07-01 12:00:00,2,26,Loan Payment,5.0,3.0,0,15.0,Low,2
363,25828.0,4304.666666666667,6,2023-07-11 06:00:00,3,17,Purchase,2.0,6.0,1,12.0,High,3
364,9068.0,4534.0,2,2023-06-12 21:00:00,2,45,Investment,3.0,4.0,0,6.0,High,1
365,15414.0,3082.8,5,2023-06-25 18:00:00,4,32,Loan Payment,1.0,8.0,0,5.0,High,2
366,14075.0,2815.0,5,2023-07-21 22:00:00,3,6,Investment,4.0,1.0,0,20.0,High,1
367,10937.0,2734.25,4,2023-06-18 16:00:00,2,39,Investment,2.0,6.0,0,8.0,Medium,1
368,18390.0,2627.1428571428573,7,2023-07-23 19:00:00,4,4,Investment,2.0,2.0,1,14.0,Medium,1
369,12450.0,2490.0,5,2023-07-06 05:00:00,4,22,Investment,1.0,6.0,0,5.0,Medium,1
370,15413.0,2201.8571428571427,7,2023-07-14 00:00:00,4,14,Loan Payment,10.0,1.0,0,70.0,Medium,2
371,9199.0,4599.5,2,2023-04-09 22:00:00,2,109,Investment,2.0,2.0,0,4.0,High,1
372,26867.0,3358.375,8,2023-06-15 07:00:00,4,43,Bill Payment,4.0,9.0,1,32.0,High,0
373,17212.0,3442.4,5,2023-07-04 22:00:00,3,23,Investment,6.0,6.0,1,30.0,High,1
374,13883.0,2313.8333333333335,6,2023-05-27 11:00:00,4,61,Bill Payment,7.0,8.0,0,42.0,Medium,0
375,7727.0,1931.75,4,2023-07-22 10:00:00,3,5,Purchase,7.0,7.0,0,28.0,Low,3
376,18271.0,3045.1666666666665,6,2023-07-23 17:00:00,4,4,Bill Payment,7.0,9.0,1,42.0,High,0
377,3600.0,900.0,4,2023-07-01 09:00:00,3,26,Purchase,4.0,9.0,0,16.0,Low,3
378,15605.0,1733.888888888889,9,2023-07-26 07:00:00,4,2,Loan Payment,5.0,4.0,0,45.0,Low,2
379,14620.0,2436.6666666666665,6,2023-07-25 18:00:00,4,2,Loan Payment,3.0,7.0,0,18.0,Medium,2
380,15311.0,3062.2,5,2023-06-23 16:00:00,3,34,Purchase,1.0,5.0,0,5.0,High,3
381,3078.0,1026.0,3,2023-06-01 03:00:00,2,57,Investment,6.0,7.0,0,18.0,Low,1
382,21058.0,3509.6666666666665,6,2023-07-07 17:00:00,3,20,Investment,10.0,4.0,1,60.0,High,1
383,11209.0,2241.8,5,2023-07-19 07:00:00,3,9,Purchase,7.0,10.0,0,35.0,Medium,3
385,14313.0,3578.25,4,2023-07-21 05:00:00,2,7,Purchase,10.0,4.0,0,40.0,High,3
386,22013.0,4402.6,5,2023-07-17 20:00:00,3,10,Loan Payment,4.0,10.0,1,20.0,High,2
387,5697.0,1424.25,4,2023-05-09 20:00:00,3,79,Investment,5.0,3.0,0,20.0,Low,1
388,7296.0,2432.0,3,2023-07-15 15:00:00,3,12,Bill Payment,5.0,9.0,0,15.0,Medium,0
389,17320.0,2474.285714285714,7,2023-07-26 19:00:00,4,1,Investment,7.0,5.0,1,49.0,Medium,1
390,9314.0,2328.5,4,2023-07-23 09:00:00,3,4,Purchase,9.0,4.0,0,36.0,Medium,3
391,5000.0,2500.0,2,2023-04-22 10:00:00,2,96,Bill Payment,8.0,8.0,0,16.0,Medium,0
392,7497.0,3748.5,2,2023-06-18 12:00:00,2,39,Investment,7.0,5.0,0,14.0,High,1
393,22346.0,3192.285714285714,7,2023-07-23 03:00:00,3,5,Bill Payment,1.0,3.0,1,7.0,High,0
394,9007.0,2251.75,4,2023-07-12 10:00:00,3,15,Bill Payment,10.0,2.0,0,40.0,Medium,0
395,6365.0,1591.25,4,2023-07-08 20:00:00,3,19,Loan Payment,6.0,8.0,0,24.0,Low,2
396,16413.0,3282.6,5,2023-07-22 04:00:00,4,6,Loan Payment,10.0,2.0,0,50.0,High,2
397,5862.0,1954.0,3,2023-06-24 17:00:00,3,33,Investment,9.0,8.0,0,27.0,Low,1
398,12016.0,3004.0,4,2023-07-02 12:00:00,3,25,Purchase,7.0,5.0,0,28.0,High,3
399,10507.0,2101.4,5,2023-07-01 05:00:00,3,27,Bill Payment,1.0,8.0,0,5.0,Low,0
400,17925.0,3585.0,5,2023-07-26 17:00:00,3,1,Investment,9.0,5.0,1,45.0,High,1
401,8722.0,2907.3333333333335,3,2023-05-14 00:00:00,3,75,Bill Payment,3.0,1.0,0,9.0,High,0
402,14498.0,2899.6,5,2023-07-09 06:00:00,3,19,Bill Payment,9.0,2.0,0,45.0,High,0
403,9454.0,3151.3333333333335,3,2023-04-28 17:00:00,2,90,Investment,4.0,6.0,0,12.0,High,1
404,1607.0,803.5,2,2023-05-16 00:00:00,2,73,Bill Payment,9.0,3.0,0,18.0,Low,0
405,15411.0,2201.5714285714284,7,2023-07-27 07:00:00,2,1,Purchase,8.0,8.0,0,56.0,Medium,3
406,7306.0,1826.5,4,2023-07-01 20:00:00,2,26,Investment,7.0,5.0,0,28.0,Low,1
407,9619.0,1923.8,5,2023-07-02 07:00:00,3,26,Bill Payment,4.0,3.0,0,20.0,Low,0
408,10491.0,3497.0,3,2023-06-25 08:00:00,3,32,Investment,9.0,10.0,0,27.0,High,1
409,9757.0,1951.4,5,2023-04-09 07:00:00,3,110,Loan Payment,4.0,7.0,0,20.0,Low,2
410,21226.0,3537.6666666666665,6,2023-06-12 19:00:00,4,45,Bill Payment,1.0,8.0,1,6.0,High,0
411,6534.0,3267.0,2,2023-07-05 17:00:00,2,22,Bill Payment,6.0,4.0,0,12.0,High,0
412,13360.0,2226.6666666666665,6,2023-05-31 15:00:00,3,57,Loan Payment,4.0,9.0,0,24.0,Medium,2
413,15730.0,2621.6666666666665,6,2023-06-09 10:00:00,3,48,Loan Payment,10.0,6.0,0,60.0,Medium,2
414,8002.0,4001.0,2,2023-07-25 15:00:00,2,2,Investment,3.0,1.0,0,6.0,High,1
415,7291.0,1822.75,4,2023-05-30 20:00:00,2,58,Investment,5.0,5.0,0,20.0,Low,1
416,20005.0,2857.8571428571427,7,2023-06-17 20:00:00,3,40,Purchase,3.0,5.0,1,21.0,High,3
418,7703.0,3851.5,2,2023-07-09 14:00:00,2,18,Bill Payment,6.0,7.0,0,12.0,High,0
419,20828.0,2314.222222222222,9,2023-07-23 23:00:00,4,4,Bill Payment,3.0,6.0,1,27.0,Medium,0
420,17112.0,1901.3333333333333,9,2023-06-03 18:00:00,4,54,Investment,5.0,8.0,1,45.0,Low,1
421,9665.0,2416.25,4,2023-05-22 13:00:00,3,66,Bill Payment,8.0,2.0,0,32.0,Medium,0
422,17450.0,3490.0,5,2023-03-25 15:00:00,2,124,Loan Payment,8.0,7.0,1,40.0,High,2
423,20042.0,2226.8888888888887,9,2023-07-21 04:00:00,4,7,Investment,6.0,10.0,1,54.0,Medium,1
424,16860.0,2408.5714285714284,7,2023-06-26 11:00:00,4,31,Purchase,5.0,7.0,1,35.0,Medium,3
425,7728.0,3864.0,2,2023-05-13 22:00:00,2,75,Bill Payment,5.0,4.0,0,10.0,High,0
426,11997.0,2999.25,4,2023-05-30 05:00:00,3,59,Loan Payment,1.0,10.0,0,4.0,High,2
427,5750.0,2875.0,2,2023-06-26 22:00:00,2,31,Bill Payment,2.0,2.0,0,4.0,High,0
428,15648.0,1738.6666666666667,9,2023-07-25 21:00:00,4,2,Bill Payment,4.0,4.0,0,36.0,Low,0
429,15482.0,3096.4,5,2023-03-30 12:00:00,3,119,Loan Payment,6.0,4.0,0,30.0,High,2
430,7856.0,2618.6666666666665,3,2023-04-26 20:00:00,2,92,Loan Payment,7.0,6.0,0,21.0,Medium,2
431,7209.0,2403.0,3,2023-07-25 17:00:00,1,2,Investment,1.0,7.0,0,3.0,Medium,1
432,10258.0,1709.6666666666667,6,2023-07-03 19:00:00,2,24,Loan Payment,8.0,3.0,0,48.0,Low,2
434,13171.0,4390.333333333333,3,2023-07-14 18:00:00,2,13,Bill Payment,9.0,1.0,0,27.0,High,0
435,11883.0,1980.5,6,2023-07-06 22:00:00,4,21,Loan Payment,4.0,3.0,0,24.0,Low,2
436,6518.0,3259.0,2,2023-03-28 05:00:00,2,122,Bill Payment,7.0,9.0,0,14.0,High,0
437,13008.0,2601.6,5,2023-07-15 20:00:00,3,12,Purchase,6.0,1.0,0,30.0,Medium,3
438,9937.0,2484.25,4,2023-07-19 23:00:00,3,8,Investment,9.0,8.0,0,36.0,Medium,1
439,14223.0,2370.5,6,2023-07-22 01:00:00,4,6,Purchase,2.0,2.0,0,12.0,Medium,3
440,9811.0,2452.75,4,2023-06-24 22:00:00,2,33,Purchase,7.0,6.0,0,28.0,Medium,3
441,12524.0,1789.142857142857,7,2023-07-18 19:00:00,4,9,Investment,5.0,3.0,0,35.0,Low,1
442,12896.0,2579.2,5,2023-05-31 05:00:00,4,58,Loan Payment,7.0,7.0,0,35.0,Medium,2
443,9381.0,2345.25,4,2023-06-20 16:00:00,3,37,Bill Payment,1.0,2.0,0,4.0,Medium,0
444,18321.0,2035.6666666666667,9,2023-07-09 13:00:00,4,18,Loan Payment,10.0,4.0,1,90.0,Low,2
445,13350.0,3337.5,4,2023-05-08 16:00:00,3,80,Purchase,9.0,10.0,0,36.0,High,3
446,20267.0,2895.285714285714,7,2023-05-27 09:00:00,3,61,Bill Payment,1.0,9.0,1,7.0,High,0
447,7104.0,2368.0,3,2023-07-02 15:00:00,1,25,Investment,5.0,6.0,0,15.0,Medium,1
448,4532.0,4532.0,1,2023-05-15 19:00:00,1,73,Bill Payment,8.0,4.0,0,8.0,High,0
449,15633.0,3126.6,5,2023-07-12 16:00:00,4,15,Investment,1.0,2.0,0,5.0,High,1
450,25525.0,2836.1111111111113,9,2023-07-06 00:00:00,4,22,Purchase,7.0,10.0,1,63.0,High,3
451,1574.0,1574.0,1,2023-04-17 20:00:00,1,101,Investment,2.0,9.0,0,2.0,Low,1
452,5983.0,1495.75,4,2023-06-22 10:00:00,3,35,Investment,7.0,4.0,0,28.0,Low,1
453,5573.0,1393.25,4,2023-07-25 11:00:00,3,2,Investment,7.0,9.0,0,28.0,Low,1
454,12284.0,2456.8,5,2023-06-29 19:00:00,2,28,Bill Payment,9.0,2.0,0,45.0,Medium,0
455,6815.0,1703.75,4,2023-06-16 18:00:00,3,41,Bill Payment,6.0,7.0,0,24.0,Low,0
456,16675.0,2382.1428571428573,7,2023-07-22 22:00:00,2,5,Loan Payment,4.0,5.0,1,28.0,Medium,2
457,6768.0,2256.0,3,2023-07-05 08:00:00,2,22,Investment,7.0,8.0,0,21.0,Medium,1
458,9821.0,2455.25,4,2023-07-08 04:00:00,3,20,Investment,7.0,8.0,0,28.0,Medium,1
459,17888.0,2981.3333333333335,6,2023-07-03 05:00:00,3,25,Loan Payment,4.0,4.0,1,24.0,High,2
460,10213.0,2553.25,4,2023-07-22 14:00:00,2,5,Investment,2.0,4.0,0,8.0,Medium,1
461,10757.0,3585.6666666666665,3,2023-02-21 07:00:00,2,157,Investment,9.0,8.0,0,27.0,High,1
462,9203.0,1533.8333333333333,6,2023-05-10 02:00:00,3,79,Bill Payment,8.0,3.0,0,48.0,Low,0
463,19692.0,2461.5,8,2023-07-27 02:00:00,4,1,Investment,5.0,7.0,1,40.0,Medium,1
464,11439.0,2287.8,5,2023-06-02 14:00:00,3,55,Investment,5.0,8.0,0,25.0,Medium,1
465,19422.0,2774.5714285714284,7,2023-05-19 09:00:00,4,69,Purchase,1.0,8.0,1,7.0,High,3
466,18055.0,1805.5,10,2023-07-11 03:00:00,4,17,Investment,9.0,10.0,1,90.0,Low,1
467,12193.0,4064.3333333333335,3,2023-06-12 10:00:00,1,45,Loan Payment,10.0,4.0,0,30.0,High,2
468,18210.0,2276.25,8,2023-05-24 02:00:00,3,65,Bill Payment,8.0,9.0,1,64.0,Medium,0
469,6194.0,2064.6666666666665,3,2023-06-09 02:00:00,3,49,Investment,6.0,10.0,0,18.0,Low,1
470,7789.0,2596.3333333333335,3,2023-06-26 18:00:00,2,31,Bill Payment,10.0,4.0,0,30.0,Medium,0
471,14224.0,1778.0,8,2023-06-29 18:00:00,4,28,Loan Payment,6.0,8.0,0,48.0,Low,2
472,5493.0,2746.5,2,2023-03-31 22:00:00,2,118,Bill Payment,10.0,6.0,0,20.0,Medium,0
473,17689.0,3537.8,5,2023-07-19 19:00:00,3,8,Investment,10.0,5.0,1,50.0,High,1
474,15022.0,2146.0,7,2023-07-15 03:00:00,2,13,Investment,8.0,4.0,0,56.0,Low,1
475,22523.0,2502.5555555555557,9,2023-06-25 12:00:00,4,32,Purchase,6.0,5.0,1,54.0,Medium,3
476,17412.0,2902.0,6,2023-06-29 06:00:00,4,29,Investment,10.0,1.0,1,60.0,High,1
477,8265.0,4132.5,2,2023-05-16 21:00:00,2,72,Bill Payment,4.0,7.0,0,8.0,High,0
478,11059.0,2211.8,5,2023-06-18 09:00:00,1,39,Loan Payment,3.0,8.0,0,15.0,Medium,2
479,5294.0,2647.0,2,2023-06-18 13:00:00,2,39,Bill Payment,7.0,9.0,0,14.0,Medium,0
480,8487.0,2121.75,4,2023-07-03 03:00:00,3,25,Loan Payment,2.0,3.0,0,8.0,Low,2
481,5516.0,1838.6666666666667,3,2023-06-26 03:00:00,3,32,Bill Payment,7.0,9.0,0,21.0,Low,0
482,5819.0,2909.5,2,2023-07-01 13:00:00,2,26,Bill Payment,1.0,10.0,0,2.0,High,0
483,22360.0,3194.285714285714,7,2023-07-07 21:00:00,4,20,Purchase,10.0,5.0,1,70.0,High,3
484,21716.0,2171.6,10,2023-07-20 15:00:00,4,7,Investment,5.0,10.0,1,50.0,Medium,1
485,3743.0,1871.5,2,2023-04-19 22:00:00,2,99,Bill Payment,9.0,6.0,0,18.0,Low,0
486,5657.0,2828.5,2,2023-07-03 18:00:00,2,24,Investment,1.0,1.0,0,2.0,High,1
487,5674.0,1891.3333333333333,3,2023-06-10 09:00:00,3,47,Bill Payment,8.0,9.0,0,24.0,Low,0
488,11467.0,2866.75,4,2023-04-17 05:00:00,4,102,Bill Payment,9.0,9.0,0,36.0,High,0
489,14060.0,2812.0,5,2023-07-01 10:00:00,3,26,Investment,9.0,6.0,0,45.0,High,1
490,11111.0,2222.2,5,2023-07-24 23:00:00,4,3,Investment,8.0,8.0,0,40.0,Medium,1
491,9085.0,3028.3333333333335,3,2023-07-24 16:00:00,1,3,Bill Payment,4.0,4.0,0,12.0,High,0
492,7652.0,1913.0,4,2023-05-26 12:00:00,3,62,Purchase,7.0,5.0,0,28.0,Low,3
493,8484.0,1414.0,6,2023-07-17 18:00:00,4,10,Investment,1.0,5.0,0,6.0,Low,1
494,21022.0,4204.4,5,2023-06-12 07:00:00,3,46,Bill Payment,7.0,7.0,1,35.0,High,0
495,8772.0,2193.0,4,2023-05-28 00:00:00,3,61,Purchase,6.0,7.0,0,24.0,Medium,3
496,5458.0,1364.5,4,2023-07-04 18:00:00,2,23,Investment,5.0,7.0,0,20.0,Low,1
497,14990.0,2998.0,5,2023-07-19 11:00:00,3,8,Investment,1.0,5.0,0,5.0,High,1
498,18333.0,3055.5,6,2023-05-04 23:00:00,3,84,Investment,8.0,4.0,1,48.0,High,1
499,12058.0,2411.6,5,2023-07-15 07:00:00,3,13,Investment,10.0,8.0,0,50.0,Medium,1
500,24141.0,3448.714285714286,7,2023-07-24 01:00:00,4,4,Purchase,1.0,1.0,1,7.0,High,3
501,14879.0,2975.8,5,2023-07-22 06:00:00,4,6,Investment,1.0,1.0,0,5.0,High,1
502,4006.0,2003.0,2,2023-06-21 17:00:00,2,36,Investment,3.0,6.0,0,6.0,Low,1
503,8494.0,1698.8,5,2023-04-24 06:00:00,3,95,Bill Payment,8.0,2.0,0,40.0,Low,0
504,4149.0,1037.25,4,2023-05-23 06:00:00,3,66,Purchase,8.0,3.0,0,32.0,Low,3
505,4650.0,2325.0,2,2023-06-01 06:00:00,1,57,Loan Payment,7.0,4.0,0,14.0,Medium,2
506,25212.0,2521.2,10,2023-07-16 13:00:00,4,11,Bill Payment,5.0,2.0,1,50.0,Medium,0
507,9194.0,2298.5,4,2023-06-21 09:00:00,3,36,Purchase,8.0,10.0,0,32.0,Medium,3
508,11555.0,2311.0,5,2023-07-03 01:00:00,3,25,Investment,2.0,7.0,0,10.0,Medium,1
509,22654.0,3236.285714285714,7,2023-07-24 19:00:00,3,3,Investment,8.0,10.0,1,56.0,High,1
510,13106.0,3276.5,4,2023-07-15 17:00:00,3,12,Loan Payment,2.0,1.0,0,8.0,High,2
511,27719.0,2771.9,10,2023-07-21 03:00:00,4,7,Bill Payment,10.0,3.0,1,100.0,High,0
512,11031.0,1838.5,6,2023-04-30 00:00:00,4,89,Loan Payment,5.0,2.0,0,30.0,Low,2
513,9863.0,1972.6,5,2023-07-18 17:00:00,3,9,Bill Payment,4.0,9.0,0,20.0,Low,0
514,8702.0,2175.5,4,2023-07-27 08:00:00,3,0,Purchase,1.0,8.0,0,4.0,Medium,3
515,12670.0,3167.5,4,2023-07-18 06:00:00,3,10,Bill Payment,5.0,3.0,0,20.0,High,0
516,24341.0,3477.285714285714,7,2023-07-21 23:00:00,3,6,Bill Payment,7.0,5.0,1,49.0,High,0
517,1303.0,434.3333333333333,3,2023-06-12 15:00:00,3,45,Bill Payment,1.0,3.0,0,3.0,Low,0
518,17706.0,2529.4285714285716,7,2023-07-21 01:00:00,4,7,Investment,2.0,6.0,1,14.0,Medium,1
519,21687.0,3098.1428571428573,7,2023-07-26 11:00:00,4,1,Bill Payment,9.0,5.0,1,63.0,High,0
520,26378.0,3297.25,8,2023-07-13 13:00:00,4,14,Investment,5.0,2.0,1,40.0,High,1
521,8481.0,2827.0,3,2023-06-21 10:00:00,2,36,Investment,7.0,10.0,0,21.0,High,1
522,23279.0,2586.5555555555557,9,2023-07-13 23:00:00,4,14,Loan Payment,2.0,8.0,1,18.0,Medium,2
523,7721.0,2573.6666666666665,3,2023-06-14 07:00:00,2,44,Investment,7.0,6.0,0,21.0,Medium,1
524,6355.0,2118.3333333333335,3,2023-03-25 11:00:00,3,124,Bill Payment,7.0,3.0,0,21.0,Low,0
525,17537.0,2192.125,8,2023-07-14 09:00:00,3,13,Bill Payment,7.0,1.0,1,56.0,Medium,0
526,15809.0,2258.4285714285716,7,2023-07-23 11:00:00,3,4,Loan Payment,5.0,5.0,0,35.0,Medium,2
527,16417.0,1824.111111111111,9,2023-07-25 16:00:00,4,2,Bill Payment,9.0,2.0,0,81.0,Low,0
528,18764.0,2680.5714285714284,7,2023-05-31 17:00:00,4,57,Bill Payment,2.0,2.0,1,14.0,Medium,0
529,12706.0,2541.2,5,2023-07-20 09:00:00,2,7,Loan Payment,4.0,9.0,0,20.0,Medium,2
530,37281.0,3389.181818181818,11,2023-07-09 04:00:00,3,19,Bill Payment,10.0,10.0,1,110.0,High,0
531,9910.0,1982.0,5,2023-04-17 08:00:00,3,101,Purchase,8.0,7.0,0,40.0,Low,3
532,7664.0,1532.8,5,2023-06-05 20:00:00,3,52,Bill Payment,1.0,6.0,0,5.0,Low,0
533,14481.0,2068.714285714286,7,2023-07-13 06:00:00,4,15,Purchase,9.0,1.0,0,63.0,Low,3
534,12608.0,2521.6,5,2023-07-16 16:00:00,3,11,Bill Payment,5.0,10.0,0,25.0,Medium,0
535,17520.0,3504.0,5,2023-07-26 21:00:00,3,1,Bill Payment,3.0,2.0,1,15.0,High,0
536,11304.0,2826.0,4,2023-07-07 19:00:00,3,20,Bill Payment,4.0,7.0,0,16.0,High,0
537,18226.0,2603.714285714286,7,2023-07-27 04:00:00,3,1,Loan Payment,1.0,3.0,1,7.0,Medium,2
538,15006.0,3001.2,5,2023-07-23 01:00:00,3,5,Investment,6.0,2.0,0,30.0,High,1
539,8159.0,2719.6666666666665,3,2023-03-13 21:00:00,2,136,Investment,8.0,6.0,0,24.0,Medium,1
540,12452.0,1778.857142857143,7,2023-05-17 12:00:00,4,71,Bill Payment,2.0,8.0,0,14.0,Low,0
541,11978.0,2994.5,4,2023-06-15 01:00:00,2,43,Bill Payment,2.0,8.0,0,8.0,High,0
542,18395.0,2299.375,8,2023-07-26 14:00:00,4,1,Purchase,9.0,2.0,1,72.0,Medium,3
543,13713.0,2742.6,5,2023-07-18 02:00:00,3,10,Loan Payment,5.0,6.0,0,25.0,Medium,2
544,10169.0,2033.8,5,2023-07-04 05:00:00,2,24,Bill Payment,5.0,5.0,0,25.0,Low,0
545,3859.0,1929.5,2,2023-07-16 05:00:00,2,12,Bill Payment,1.0,7.0,0,2.0,Low,0
546,4074.0,2037.0,2,2023-06-12 08:00:00,2,45,Loan Payment,6.0,4.0,0,12.0,Low,2
547,1860.0,620.0,3,2023-07-08 14:00:00,2,19,Loan Payment,8.0,2.0,0,24.0,Low,2
548,14860.0,2122.8571428571427,7,2023-07-24 00:00:00,4,4,Loan Payment,6.0,10.0,0,42.0,Low,2
549,14506.0,3626.5,4,2023-07-03 16:00:00,2,24,Loan Payment,7.0,3.0,0,28.0,High,2
550,12162.0,2432.4,5,2023-03-27 08:00:00,3,122,Bill Payment,4.0,9.0,0,20.0,Medium,0
551,820.0,820.0,1,2023-05-17 03:00:00,1,72,Loan Payment,2.0,10.0,0,2.0,Low,2
552,10923.0,2730.75,4,2023-07-02 14:00:00,2,25,Purchase,1.0,8.0,0,4.0,Medium,3
553,8231.0,2057.75,4,2023-07-19 16:00:00,3,8,Purchase,6.0,9.0,0,24.0,Low,3
554,8542.0,4271.0,2,2023-04-06 22:00:00,2,112,Investment,9.0,5.0,0,18.0,High,1
555,15942.0,2657.0,6,2023-07-04 15:00:00,3,23,Loan Payment,10.0,5.0,0,60.0,Medium,2
556,2167.0,2167.0,1,2023-01-19 08:00:00,1,189,Loan Payment,5.0,7.0,0,5.0,Low,2
557,19825.0,2478.125,8,2023-07-17 03:00:00,4,11,Loan Payment,2.0,7.0,1,16.0,Medium,2
558,3448.0,1149.3333333333333,3,2023-06-21 08:00:00,2,36,Purchase,1.0,1.0,0,3.0,Low,3
559,13937.0,3484.25,4,2023-04-11 18:00:00,2,107,Investment,6.0,5.0,0,24.0,High,1
560,13417.0,2236.1666666666665,6,2023-07-15 01:00:00,4,13,Loan Payment,4.0,8.0,0,24.0,Medium,2
561,10949.0,1824.8333333333333,6,2023-06-28 10:00:00,3,29,Loan Payment,7.0,7.0,0,42.0,Low,2
562,14001.0,2333.5,6,2023-07-18 13:00:00,4,9,Investment,9.0,2.0,0,54.0,Medium,1
563,9270.0,3090.0,3,2023-06-03 17:00:00,3,54,Bill Payment,8.0,8.0,0,24.0,High,0
564,4292.0,1430.6666666666667,3,2023-05-03 19:00:00,1,85,Investment,9.0,2.0,0,27.0,Low,1
565,13240.0,1891.4285714285713,7,2023-07-08 05:00:00,4,20,Bill Payment,7.0,10.0,0,49.0,Low,0
566,8172.0,1634.4,5,2023-07-09 23:00:00,4,18,Loan Payment,10.0,1.0,0,50.0,Low,2
567,14278.0,2855.6,5,2023-07-15 11:00:00,3,12,Loan Payment,8.0,3.0,0,40.0,High,2
568,14295.0,2382.5,6,2023-07-18 09:00:00,3,9,Bill Payment,8.0,3.0,0,48.0,Medium,0
569,11112.0,2778.0,4,2023-02-28 16:00:00,3,149,Investment,1.0,6.0,0,4.0,High,1
570,19371.0,2767.285714285714,7,2023-07-12 13:00:00,3,15,Loan Payment,9.0,3.0,1,63.0,High,2
571,7321.0,3660.5,2,2023-05-14 17:00:00,2,74,Loan Payment,2.0,7.0,0,4.0,High,2
572,2123.0,2123.0,1,2023-03-02 22:00:00,1,147,Purchase,7.0,8.0,0,7.0,Low,3
573,16093.0,4023.25,4,2023-07-18 12:00:00,3,9,Bill Payment,10.0,3.0,0,40.0,High,0
574,16535.0,4133.75,4,2023-07-09 16:00:00,3,18,Bill Payment,10.0,9.0,1,40.0,High,0
575,21227.0,2653.375,8,2023-07-17 21:00:00,3,10,Bill Payment,5.0,1.0,1,40.0,Medium,0
576,14456.0,3614.0,4,2023-05-16 03:00:00,3,73,Investment,4.0,3.0,0,16.0,High,1
577,13368.0,2673.6,5,2023-07-22 15:00:00,4,5,Bill Payment,1.0,3.0,0,5.0,Medium,0
578,6648.0,2216.0,3,2023-07-11 18:00:00,2,16,Investment,1.0,7.0,0,3.0,Medium,1
579,20309.0,2538.625,8,2023-07-26 20:00:00,4,1,Bill Payment,3.0,5.0,1,24.0,Medium,0
580,11092.0,2773.0,4,2023-07-11 15:00:00,2,16,Bill Payment,1.0,4.0,0,4.0,High,0
581,11988.0,1712.5714285714287,7,2023-07-01 15:00:00,4,26,Bill Payment,8.0,2.0,0,56.0,Low,0
582,7632.0,3816.0,2,2023-07-13 03:00:00,2,15,Bill Payment,3.0,7.0,0,6.0,High,0
583,20279.0,3379.8333333333335,6,2023-05-22 09:00:00,4,66,Bill Payment,10.0,3.0,1,60.0,High,0
584,19940.0,2848.5714285714284,7,2023-07-27 13:00:00,4,0,Bill Payment,2.0,7.0,1,14.0,High,0
585,3035.0,1517.5,2,2023-07-06 02:00:00,2,22,Investment,6.0,10.0,0,12.0,Low,1
586,12796.0,2559.2,5,2023-07-22 08:00:00,4,5,Purchase,4.0,7.0,0,20.0,Medium,3
587,17793.0,2541.8571428571427,7,2023-07-23 16:00:00,4,4,Bill Payment,4.0,2.0,1,28.0,Medium,0
588,10806.0,3602.0,3,2023-06-23 04:00:00,2,35,Investment,2.0,7.0,0,6.0,High,1
589,9702.0,3234.0,3,2023-07-16 18:00:00,2,11,Loan Payment,2.0,6.0,0,6.0,High,2
590,15685.0,1960.625,8,2023-05-20 22:00:00,3,68,Bill Payment,6.0,10.0,0,48.0,Low,0
591,21291.0,3041.5714285714284,7,2023-07-18 22:00:00,4,9,Bill Payment,5.0,4.0,1,35.0,High,0
592,7200.0,1800.0,4,2023-06-11 18:00:00,3,46,Loan Payment,9.0,5.0,0,36.0,Low,2
593,6056.0,2018.6666666666667,3,2023-06-02 22:00:00,2,55,Purchase,4.0,8.0,0,12.0,Low,3
594,16448.0,2741.3333333333335,6,2023-07-27 20:00:00,4,0,Loan Payment,5.0,5.0,1,30.0,Medium,2
595,7596.0,1899.0,4,2023-05-11 11:00:00,1,77,Bill Payment,1.0,3.0,0,4.0,Low,0
596,13546.0,2257.6666666666665,6,2023-06-08 06:00:00,4,50,Bill Payment,2.0,2.0,0,12.0,Medium,0
597,10589.0,2647.25,4,2023-06-16 12:00:00,3,41,Bill Payment,3.0,6.0,0,12.0,Medium,0
598,12403.0,2480.6,5,2023-07-23 00:00:00,3,5,Investment,5.0,6.0,0,25.0,Medium,1
599,13048.0,1631.0,8,2023-06-27 19:00:00,4,30,Bill Payment,5.0,7.0,0,40.0,Low,0
600,6466.0,2155.3333333333335,3,2023-07-07 04:00:00,1,21,Bill Payment,4.0,8.0,0,12.0,Low,0
601,5570.0,1856.6666666666667,3,2023-06-04 16:00:00,2,53,Purchase,10.0,4.0,0,30.0,Low,3
602,3927.0,1309.0,3,2023-06-20 04:00:00,2,38,Loan Payment,3.0,8.0,0,9.0,Low,2
603,13556.0,3389.0,4,2023-06-26 02:00:00,3,32,Loan Payment,9.0,1.0,0,36.0,High,2
604,2598.0,866.0,3,2023-06-13 04:00:00,3,45,Investment,1.0,6.0,0,3.0,Low,1
605,5114.0,1022.8,5,2023-07-17 10:00:00,3,10,Bill Payment,6.0,6.0,0,30.0,Low,0
606,11607.0,1934.5,6,2023-07-27 16:00:00,3,0,Loan Payment,7.0,3.0,0,42.0,Low,2
607,7925.0,3962.5,2,2023-07-01 16:00:00,2,26,Investment,10.0,9.0,0,20.0,High,1
608,7577.0,2525.6666666666665,3,2023-04-08 06:00:00,3,111,Bill Payment,4.0,5.0,0,12.0,Medium,0
609,5853.0,1951.0,3,2023-06-07 02:00:00,3,51,Bill Payment,10.0,1.0,0,30.0,Low,0
610,24470.0,2718.8888888888887,9,2023-06-20 01:00:00,4,38,Investment,3.0,7.0,1,27.0,Medium,1
611,11889.0,2972.25,4,2023-05-09 22:00:00,3,79,Loan Payment,8.0,10.0,0,32.0,High,2
612,3002.0,1501.0,2,2023-02-17 19:00:00,2,160,Investment,9.0,3.0,0,18.0,Low,1
613,16766.0,4191.5,4,2023-05-17 05:00:00,3,72,Investment,1.0,10.0,1,4.0,High,1
614,17075.0,2134.375,8,2023-06-17 22:00:00,4,40,Bill Payment,10.0,10.0,1,80.0,Low,0
615,6589.0,1647.25,4,2023-07-21 13:00:00,2,6,Purchase,9.0,4.0,0,36.0,Low,3
616,7965.0,2655.0,3,2023-06-26 16:00:00,2,31,Loan Payment,7.0,6.0,0,21.0,Medium,2
617,6746.0,1686.5,4,2023-07-15 02:00:00,2,13,Bill Payment,1.0,8.0,0,4.0,Low,0
618,27892.0,3984.5714285714284,7,2023-06-17 03:00:00,3,41,Bill Payment,7.0,4.0,1,49.0,High,0
619,7293.0,2431.0,3,2023-04-10 23:00:00,2,108,Investment,5.0,9.0,0,15.0,Medium,1
620,14011.0,1751.375,8,2023-06-13 05:00:00,3,45,Loan Payment,10.0,8.0,0,80.0,Low,2
621,12578.0,2515.6,5,2023-04-12 20:00:00,2,106,Loan Payment,7.0,10.0,0,35.0,Medium,2
622,9288.0,3096.0,3,2023-07-24 13:00:00,1,3,Loan Payment,9.0,10.0,0,27.0,High,2
623,14322.0,2864.4,5,2023-06-01 23:00:00,3,56,Investment,8.0,6.0,0,40.0,High,1
624,4398.0,1466.0,3,2023-06-07 11:00:00,2,50,Loan Payment,6.0,7.0,0,18.0,Low,2
625,20308.0,2538.5,8,2023-07-18 01:00:00,2,10,Loan Payment,2.0,8.0,1,16.0,Medium,2
626,17690.0,2527.1428571428573,7,2023-07-03 08:00:00,4,24,Purchase,8.0,2.0,1,56.0,Medium,3
627,14190.0,2027.142857142857,7,2023-07-15 19:00:00,4,12,Bill Payment,4.0,5.0,0,28.0,Low,0
628,13748.0,3437.0,4,2023-07-18 00:00:00,3,10,Investment,8.0,7.0,0,32.0,High,1
629,8584.0,1716.8,5,2023-07-24 20:00:00,3,3,Loan Payment,7.0,8.0,0,35.0,Low,2
630,5663.0,1887.6666666666667,3,2023-06-30 23:00:00,2,27,Purchase,4.0,5.0,0,12.0,Low,3
631,6444.0,3222.0,2,2023-05-14 22:00:00,2,74,Investment,8.0,3.0,0,16.0,High,1
632,10357.0,2589.25,4,2023-05-25 02:00:00,2,64,Loan Payment,2.0,6.0,0,8.0,Medium,2
633,11978.0,2395.6,5,2023-07-10 06:00:00,3,18,Investment,9.0,5.0,0,45.0,Medium,1
634,13731.0,3432.75,4,2023-07-24 18:00:00,3,3,Bill Payment,6.0,8.0,0,24.0,High,0
635,6677.0,1669.25,4,2023-07-11 21:00:00,2,16,Bill Payment,7.0,9.0,0,28.0,Low,0
636,5858.0,1952.6666666666667,3,2023-05-15 09:00:00,2,73,Bill Payment,10.0,9.0,0,30.0,Low,0
637,7815.0,2605.0,3,2023-06-26 04:00:00,2,32,Bill Payment,1.0,6.0,0,3.0,Medium,0
638,9274.0,2318.5,4,2023-06-26 06:00:00,3,32,Purchase,3.0,4.0,0,12.0,Medium,3
639,14355.0,2050.714285714286,7,2023-07-02 18:00:00,4,25,Bill Payment,10.0,4.0,0,70.0,Low,0
640,15154.0,2525.6666666666665,6,2023-07-27 18:00:00,4,0,Investment,5.0,9.0,0,30.0,Medium,1
641,16720.0,3344.0,5,2023-06-08 17:00:00,2,49,Loan Payment,7.0,4.0,1,35.0,High,2
642,2524.0,1262.0,2,2023-04-05 20:00:00,2,113,Investment,1.0,8.0,0,2.0,Low,1
643,8432.0,1686.4,5,2023-06-03 22:00:00,2,54,Purchase,9.0,9.0,0,45.0,Low,3
644,14752.0,2458.6666666666665,6,2023-06-28 17:00:00,4,29,Loan Payment,5.0,5.0,0,30.0,Medium,2
645,5990.0,1198.0,5,2023-07-12 08:00:00,3,15,Bill Payment,3.0,6.0,0,15.0,Low,0
646,17128.0,2446.8571428571427,7,2023-07-16 14:00:00,3,11,Purchase,7.0,3.0,1,49.0,Medium,3
647,11149.0,1858.1666666666667,6,2023-07-04 03:00:00,4,24,Bill Payment,10.0,5.0,0,60.0,Low,0
648,12055.0,2411.0,5,2023-07-17 06:00:00,3,11,Bill Payment,8.0,5.0,0,40.0,Medium,0
649,27399.0,2490.818181818182,11,2023-07-17 19:00:00,4,10,Bill Payment,10.0,2.0,1,110.0,Medium,0
650,3016.0,1005.3333333333334,3,2023-06-27 08:00:00,3,30,Investment,10.0,10.0,0,30.0,Low,1
651,6215.0,2071.6666666666665,3,2023-03-19 19:00:00,2,130,Investment,3.0,6.0,0,9.0,Low,1
652,10844.0,2168.8,5,2023-07-12 11:00:00,4,15,Purchase,7.0,9.0,0,35.0,Medium,3
653,9659.0,3219.6666666666665,3,2023-06-22 08:00:00,3,35,Bill Payment,7.0,7.0,0,21.0,High,0
654,12576.0,2096.0,6,2023-07-09 08:00:00,4,18,Investment,4.0,8.0,0,24.0,Low,1
655,9145.0,2286.25,4,2023-06-12 05:00:00,3,46,Investment,10.0,2.0,0,40.0,Medium,1
656,15449.0,3089.8,5,2023-06-26 23:00:00,4,31,Investment,9.0,9.0,0,45.0,High,1
657,11565.0,2313.0,5,2023-06-17 21:00:00,4,40,Purchase,1.0,3.0,0,5.0,Medium,3
658,10600.0,2120.0,5,2023-06-11 00:00:00,3,47,Investment,1.0,10.0,0,5.0,Low,1
659,12733.0,1819.0,7,2023-07-25 08:00:00,4,2,Bill Payment,5.0,5.0,0,35.0,Low,0
660,6042.0,2014.0,3,2023-05-05 03:00:00,2,84,Purchase,6.0,7.0,0,18.0,Low,3
661,5385.0,1346.25,4,2023-07-12 14:00:00,2,15,Bill Payment,10.0,4.0,0,40.0,Low,0
662,7925.0,3962.5,2,2023-06-06 13:00:00,1,51,Loan Payment,9.0,7.0,0,18.0,High,2
663,8720.0,1744.0,5,2023-07-16 09:00:00,3,11,Investment,5.0,8.0,0,25.0,Low,1
664,19762.0,2823.1428571428573,7,2023-07-23 14:00:00,4,4,Bill Payment,7.0,10.0,1,49.0,High,0
665,8068.0,2689.3333333333335,3,2023-06-17 16:00:00,3,40,Bill Payment,1.0,10.0,0,3.0,Medium,0
666,10534.0,2633.5,4,2023-06-17 08:00:00,3,40,Investment,2.0,4.0,0,8.0,Medium,1
667,11613.0,1935.5,6,2023-06-27 18:00:00,4,30,Loan Payment,4.0,5.0,0,24.0,Low,2
668,4688.0,1562.6666666666667,3,2023-07-17 12:00:00,3,10,Investment,9.0,3.0,0,27.0,Low,1
669,8914.0,1273.4285714285713,7,2023-06-29 03:00:00,4,29,Bill Payment,5.0,5.0,0,35.0,Low,0
670,20177.0,2522.125,8,2023-07-21 15:00:00,3,6,Bill Payment,5.0,8.0,1,40.0,Medium,0
671,10856.0,1809.3333333333333,6,2023-06-25 19:00:00,4,32,Loan Payment,9.0,3.0,0,54.0,Low,2
672,2238.0,1119.0,2,2023-06-25 07:00:00,1,33,Purchase,8.0,5.0,0,16.0,Low,3
673,9718.0,2429.5,4,2023-07-23 12:00:00,2,4,Investment,2.0,10.0,0,8.0,Medium,1
674,8925.0,2231.25,4,2023-04-27 12:00:00,3,91,Purchase,7.0,1.0,0,28.0,Medium,3
675,11196.0,1866.0,6,2023-06-27 01:00:00,4,31,Investment,1.0,2.0,0,6.0,Low,1
676,13983.0,2796.6,5,2023-05-31 14:00:00,4,57,Investment,10.0,3.0,0,50.0,High,1
677,12107.0,2421.4,5,2023-05-08 18:00:00,3,80,Bill Payment,9.0,1.0,0,45.0,Medium,0
678,22227.0,3704.5,6,2023-07-05 18:00:00,3,22,Purchase,3.0,9.0,1,18.0,High,3
679,14185.0,2837.0,5,2023-07-06 21:00:00,3,21,Loan Payment,2.0,9.0,0,10.0,High,2
680,10966.0,2193.2,5,2023-07-17 07:00:00,3,11,Loan Payment,4.0,5.0,0,20.0,Medium,2
681,7905.0,3952.5,2,2023-02-21 03:00:00,2,157,Investment,4.0,4.0,0,8.0,High,1
682,1846.0,1846.0,1,2023-02-27 10:00:00,1,150,Loan Payment,3.0,5.0,0,3.0,Low,2
683,15874.0,3174.8,5,2023-07-06 07:00:00,3,22,Purchase,2.0,4.0,0,10.0,High,3
684,19318.0,2146.4444444444443,9,2023-06-22 22:00:00,4,35,Loan Payment,5.0,5.0,1,45.0,Low,2
685,14264.0,2377.3333333333335,6,2023-04-28 15:00:00,3,90,Purchase,4.0,7.0,0,24.0,Medium,3
686,15098.0,2516.3333333333335,6,2023-06-14 19:00:00,4,43,Loan Payment,5.0,8.0,0,30.0,Medium,2
687,11485.0,2871.25,4,2023-07-18 15:00:00,4,9,Bill Payment,8.0,2.0,0,32.0,High,0
688,8128.0,2032.0,4,2023-06-18 02:00:00,4,40,Bill Payment,2.0,4.0,0,8.0,Low,0
689,9914.0,3304.6666666666665,3,2023-07-16 15:00:00,2,11,Bill Payment,9.0,8.0,0,27.0,High,0
690,26958.0,2995.3333333333335,9,2023-07-10 07:00:00,3,18,Loan Payment,10.0,7.0,1,90.0,High,2
691,15648.0,3129.6,5,2023-05-23 19:00:00,4,65,Loan Payment,1.0,9.0,0,5.0,High,2
692,17767.0,3553.4,5,2023-07-16 07:00:00,3,12,Investment,8.0,5.0,1,40.0,High,1
693,3014.0,1507.0,2,2023-07-11 09:00:00,2,16,Bill Payment,5.0,6.0,0,10.0,Low,0
694,17270.0,2467.1428571428573,7,2023-07-28 05:00:00,3,0,Bill Payment,2.0,8.0,1,14.0,Medium,0
695,17819.0,2969.8333333333335,6,2023-06-15 18:00:00,4,42,Bill Payment,8.0,5.0,1,48.0,High,0
696,8409.0,2803.0,3,2023-05-23 05:00:00,2,66,Purchase,5.0,9.0,0,15.0,High,3
697,3195.0,639.0,5,2023-06-07 13:00:00,3,50,Bill Payment,10.0,4.0,0,50.0,Low,0
698,16001.0,2285.8571428571427,7,2023-05-13 07:00:00,3,76,Investment,10.0,8.0,0,70.0,Medium,1
699,5221.0,1305.25,4,2023-06-26 12:00:00,2,31,Investment,6.0,3.0,0,24.0,Low,1
700,1669.0,834.5,2,2023-03-13 04:00:00,2,137,Bill Payment,7.0,5.0,0,14.0,Low,0
701,11640.0,2328.0,5,2023-07-26 22:00:00,3,1,Loan Payment,4.0,8.0,0,20.0,Medium,2
702,32812.0,2524.0,13,2023-07-19 03:00:00,4,9,Purchase,10.0,10.0,1,130.0,Medium,3
703,3448.0,1149.3333333333333,3,2023-05-31 00:00:00,3,58,Bill Payment,6.0,7.0,0,18.0,Low,0
704,16017.0,2288.1428571428573,7,2023-06-22 01:00:00,3,36,Purchase,10.0,1.0,0,70.0,Medium,3
705,15569.0,2224.1428571428573,7,2023-07-01 04:00:00,4,27,Bill Payment,8.0,4.0,0,56.0,Medium,0
706,10767.0,3589.0,3,2023-05-11 04:00:00,2,78,Bill Payment,1.0,2.0,0,3.0,High,0
707,6935.0,2311.6666666666665,3,2023-07-03 07:00:00,3,25,Bill Payment,2.0,2.0,0,6.0,Medium,0
708,6181.0,2060.3333333333335,3,2023-04-23 05:00:00,3,96,Bill Payment,8.0,7.0,0,24.0,Low,0
709,10751.0,2687.75,4,2023-04-06 20:00:00,4,112,Bill Payment,7.0,3.0,0,28.0,Medium,0
710,13813.0,3453.25,4,2023-06-01 00:00:00,3,57,Loan Payment,10.0,3.0,0,40.0,High,2
711,5461.0,1820.3333333333333,3,2023-05-26 20:00:00,2,62,Purchase,9.0,6.0,0,27.0,Low,3
712,2890.0,1445.0,2,2023-04-28 11:00:00,2,90,Investment,2.0,6.0,0,4.0,Low,1
713,6541.0,1635.25,4,2023-06-10 21:00:00,3,47,Purchase,8.0,1.0,0,32.0,Low,3
714,6066.0,2022.0,3,2023-07-08 21:00:00,2,19,Purchase,6.0,1.0,0,18.0,Low,3
715,7351.0,1470.2,5,2023-04-30 16:00:00,4,88,Investment,1.0,6.0,0,5.0,Low,1
716,15249.0,2541.5,6,2023-07-16 19:00:00,4,11,Loan Payment,4.0,7.0,0,24.0,Medium,2
717,22104.0,2763.0,8,2023-06-21 05:00:00,4,37,Loan Payment,2.0,9.0,1,16.0,High,2
718,9540.0,1908.0,5,2023-05-07 01:00:00,2,82,Investment,7.0,4.0,0,35.0,Low,1
719,8705.0,1741.0,5,2023-07-13 16:00:00,2,14,Purchase,9.0,10.0,0,45.0,Low,3
720,9704.0,4852.0,2,2023-07-14 11:00:00,2,13,Bill Payment,6.0,6.0,0,12.0,High,0
721,16603.0,2767.1666666666665,6,2023-07-19 13:00:00,4,8,Bill Payment,4.0,3.0,1,24.0,High,0
722,19268.0,2752.5714285714284,7,2023-05-23 00:00:00,2,66,Purchase,5.0,4.0,1,35.0,Medium,3
723,6266.0,2088.6666666666665,3,2023-06-09 18:00:00,2,48,Purchase,1.0,9.0,0,3.0,Low,3
724,11026.0,2205.2,5,2023-07-09 22:00:00,3,18,Bill Payment,4.0,1.0,0,20.0,Medium,0
725,14558.0,2426.3333333333335,6,2023-06-09 01:00:00,3,49,Purchase,10.0,5.0,0,60.0,Medium,3
726,22968.0,2871.0,8,2023-07-15 18:00:00,3,12,Purchase,3.0,7.0,1,24.0,High,3
727,12687.0,2537.4,5,2023-07-23 18:00:00,3,4,Loan Payment,9.0,3.0,0,45.0,Medium,2
728,14105.0,2015.0,7,2023-06-19 22:00:00,3,38,Bill Payment,6.0,2.0,0,42.0,Low,0
729,4559.0,4559.0,1,2023-07-22 03:00:00,1,6,Investment,4.0,2.0,0,4.0,High,1
730,7902.0,1975.5,4,2023-07-23 02:00:00,3,5,Purchase,3.0,1.0,0,12.0,Low,3
731,6928.0,3464.0,2,2023-06-04 03:00:00,2,54,Loan Payment,4.0,5.0,0,8.0,High,2
732,28044.0,3505.5,8,2023-06-14 15:00:00,4,43,Purchase,8.0,3.0,1,64.0,High,3
733,11756.0,2939.0,4,2023-07-27 23:00:00,3,0,Loan Payment,5.0,7.0,0,20.0,High,2
734,1835.0,1835.0,1,2023-02-24 19:00:00,1,153,Bill Payment,1.0,1.0,0,1.0,Low,0
735,7131.0,3565.5,2,2023-05-17 17:00:00,1,71,Purchase,5.0,9.0,0,10.0,High,3
736,14787.0,2464.5,6,2023-05-23 18:00:00,4,65,Loan Payment,8.0,2.0,0,48.0,Medium,2
737,6979.0,3489.5,2,2023-04-01 05:00:00,1,118,Investment,4.0,8.0,0,8.0,High,1
738,7174.0,2391.3333333333335,3,2023-05-17 15:00:00,2,71,Bill Payment,2.0,10.0,0,6.0,Medium,0
739,4048.0,1349.3333333333333,3,2023-06-07 06:00:00,2,51,Investment,3.0,4.0,0,9.0,Low,1
740,12881.0,2576.2,5,2023-04-26 04:00:00,3,93,Loan Payment,9.0,6.0,0,45.0,Medium,2
741,8456.0,2114.0,4,2023-06-23 17:00:00,1,34,Loan Payment,7.0,9.0,0,28.0,Low,2
742,4367.0,2183.5,2,2023-04-15 07:00:00,2,104,Bill Payment,3.0,7.0,0,6.0,Medium,0
743,16143.0,2017.875,8,2023-06-30 02:00:00,2,28,Purchase,5.0,8.0,0,40.0,Low,3
744,9998.0,2499.5,4,2023-07-13 05:00:00,3,15,Loan Payment,3.0,7.0,0,12.0,Medium,2
745,7156.0,3578.0,2,2023-03-01 00:00:00,2,149,Investment,10.0,2.0,0,20.0,High,1
746,8877.0,2959.0,3,2023-07-24 22:00:00,2,3,Purchase,4.0,9.0,0,12.0,High,3
747,13813.0,3453.25,4,2023-07-17 05:00:00,3,11,Loan Payment,8.0,1.0,0,32.0,High,2
748,16217.0,3243.4,5,2023-07-24 05:00:00,3,4,Purchase,3.0,2.0,0,15.0,High,3
749,11388.0,2847.0,4,2023-07-17 09:00:00,2,10,Investment,3.0,3.0,0,12.0,High,1
750,8468.0,1693.6,5,2023-06-01 20:00:00,3,56,Investment,8.0,3.0,0,40.0,Low,1
751,16618.0,2769.6666666666665,6,2023-07-01 11:00:00,4,26,Loan Payment,10.0,10.0,1,60.0,High,2
752,4865.0,1621.6666666666667,3,2023-04-05 06:00:00,3,114,Investment,10.0,4.0,0,30.0,Low,1
753,12849.0,2569.8,5,2023-06-13 19:00:00,3,44,Bill Payment,7.0,5.0,0,35.0,Medium,0
754,13968.0,2328.0,6,2023-07-07 06:00:00,3,21,Loan Payment,7.0,6.0,0,42.0,Medium,2
755,13257.0,2651.4,5,2023-07-18 08:00:00,3,9,Bill Payment,10.0,1.0,0,50.0,Medium,0
756,23992.0,2665.777777777778,9,2023-07-23 06:00:00,4,5,Investment,2.0,8.0,1,18.0,Medium,1
757,11966.0,1709.4285714285713,7,2023-07-17 13:00:00,4,10,Investment,6.0,6.0,0,42.0,Low,1
758,18956.0,2708.0,7,2023-07-24 12:00:00,3,3,Bill Payment,10.0,10.0,1,70.0,Medium,0
759,16038.0,2291.1428571428573,7,2023-05-31 21:00:00,3,57,Purchase,10.0,9.0,0,70.0,Medium,3
760,13020.0,2604.0,5,2023-07-23 10:00:00,3,4,Bill Payment,3.0,5.0,0,15.0,Medium,0
761,18263.0,2029.2222222222222,9,2023-06-15 22:00:00,4,42,Bill Payment,7.0,7.0,1,63.0,Low,0
762,21613.0,2701.625,8,2023-07-12 20:00:00,4,15,Loan Payment,4.0,4.0,1,32.0,Medium,2
763,5578.0,1859.3333333333333,3,2023-06-03 09:00:00,3,54,Bill Payment,8.0,6.0,0,24.0,Low,0
764,14699.0,2449.8333333333335,6,2023-06-02 05:00:00,2,56,Investment,8.0,6.0,0,48.0,Medium,1
765,6279.0,2093.0,3,2023-05-12 07:00:00,2,77,Bill Payment,6.0,4.0,0,18.0,Low,0
766,19941.0,3323.5,6,2023-07-27 21:00:00,3,0,Bill Payment,3.0,6.0,1,18.0,High,0
767,4999.0,1666.3333333333333,3,2023-05-04 09:00:00,2,84,Loan Payment,6.0,8.0,0,18.0,Low,2
768,17340.0,2890.0,6,2023-07-02 06:00:00,2,26,Bill Payment,6.0,5.0,1,36.0,High,0
769,2043.0,1021.5,2,2023-03-16 22:00:00,2,133,Loan Payment,3.0,2.0,0,6.0,Low,2
770,13819.0,2303.1666666666665,6,2023-06-14 09:00:00,3,43,Investment,4.0,9.0,0,24.0,Medium,1
771,16197.0,2699.5,6,2023-07-04 19:00:00,3,23,Bill Payment,2.0,4.0,0,12.0,Medium,0
772,15723.0,3144.6,5,2023-05-23 22:00:00,2,65,Bill Payment,1.0,4.0,0,5.0,High,0
773,14740.0,2948.0,5,2023-07-26 05:00:00,3,2,Bill Payment,2.0,7.0,0,10.0,High,0
774,16457.0,2742.8333333333335,6,2023-07-24 09:00:00,3,3,Investment,7.0,10.0,1,42.0,Medium,1
775,17648.0,1960.888888888889,9,2023-07-20 14:00:00,4,7,Loan Payment,10.0,10.0,1,90.0,Low,2
776,12629.0,2104.8333333333335,6,2023-07-27 05:00:00,4,1,Loan Payment,5.0,6.0,0,30.0,Low,2
777,4009.0,1336.3333333333333,3,2023-07-08 08:00:00,3,19,Bill Payment,9.0,4.0,0,27.0,Low,0
778,19197.0,3199.5,6,2023-06-22 18:00:00,3,35,Loan Payment,3.0,6.0,1,18.0,High,2
779,3867.0,3867.0,1,2023-02-23 01:00:00,1,155,Bill Payment,2.0,3.0,0,2.0,High,0
780,14669.0,2444.8333333333335,6,2023-07-06 08:00:00,3,21,Investment,4.0,7.0,0,24.0,Medium,1
781,5371.0,1790.3333333333333,3,2023-06-22 20:00:00,3,35,Bill Payment,2.0,6.0,0,6.0,Low,0
782,13569.0,2261.5,6,2023-06-07 09:00:00,4,50,Bill Payment,7.0,3.0,0,42.0,Medium,0
783,26071.0,2896.777777777778,9,2023-05-26 14:00:00,4,62,Loan Payment,10.0,1.0,1,90.0,High,2
784,10412.0,2603.0,4,2023-06-05 15:00:00,3,52,Loan Payment,6.0,10.0,0,24.0,Medium,2
785,15601.0,1950.125,8,2023-07-08 22:00:00,3,19,Investment,8.0,5.0,0,64.0,Low,1
786,24070.0,2674.4444444444443,9,2023-07-25 06:00:00,4,3,Loan Payment,5.0,10.0,1,45.0,Medium,2
787,17561.0,2508.714285714286,7,2023-07-16 01:00:00,3,12,Loan Payment,2.0,2.0,1,14.0,Medium,2
788,13184.0,3296.0,4,2023-04-27 10:00:00,2,91,Investment,4.0,7.0,0,16.0,High,1
789,12221.0,4073.6666666666665,3,2023-07-09 03:00:00,1,19,Investment,1.0,7.0,0,3.0,High,1
790,25431.0,2825.6666666666665,9,2023-07-26 09:00:00,4,1,Investment,2.0,4.0,1,18.0,High,1
791,3821.0,3821.0,1,2023-01-11 08:00:00,1,197,Investment,4.0,6.0,0,4.0,High,1
792,24027.0,3003.375,8,2023-05-14 02:00:00,4,75,Investment,6.0,1.0,1,48.0,High,1
793,14361.0,2051.5714285714284,7,2023-07-20 19:00:00,2,7,Investment,4.0,2.0,0,28.0,Low,1
794,34357.0,2642.846153846154,13,2023-07-05 16:00:00,4,22,Bill Payment,4.0,6.0,1,52.0,Medium,0
795,27331.0,3904.4285714285716,7,2023-06-29 12:00:00,4,28,Bill Payment,10.0,2.0,1,70.0,High,0
796,3961.0,1980.5,2,2023-07-13 15:00:00,2,14,Investment,10.0,4.0,0,20.0,Low,1
797,15476.0,2579.3333333333335,6,2023-05-20 04:00:00,4,69,Investment,2.0,4.0,0,12.0,Medium,1
798,4860.0,1620.0,3,2023-05-29 23:00:00,3,59,Bill Payment,9.0,10.0,0,27.0,Low,0
799,14045.0,2340.8333333333335,6,2023-06-27 12:00:00,4,30,Purchase,10.0,9.0,0,60.0,Medium,3
800,17620.0,3524.0,5,2023-06-10 15:00:00,2,47,Purchase,8.0,10.0,1,40.0,High,3
801,11543.0,1649.0,7,2023-07-21 17:00:00,4,6,Investment,8.0,7.0,0,56.0,Low,1
802,2094.0,523.5,4,2023-06-24 06:00:00,1,34,Investment,5.0,7.0,0,20.0,Low,1
803,11711.0,2342.2,5,2023-05-27 04:00:00,4,62,Loan Payment,3.0,1.0,0,15.0,Medium,2
804,8973.0,2991.0,3,2023-05-24 08:00:00,2,64,Investment,6.0,5.0,0,18.0,High,1
805,12671.0,2534.2,5,2023-06-07 22:00:00,2,50,Investment,9.0,3.0,0,45.0,Medium,1
806,17410.0,1934.4444444444443,9,2023-07-14 16:00:00,3,13,Bill Payment,8.0,3.0,1,72.0,Low,0
807,9847.0,2461.75,4,2023-04-13 21:00:00,3,105,Investment,7.0,6.0,0,28.0,Medium,1
808,26353.0,3764.714285714286,7,2023-07-19 12:00:00,4,8,Bill Payment,8.0,4.0,1,56.0,High,0
810,19398.0,2771.1428571428573,7,2023-07-09 19:00:00,4,18,Loan Payment,6.0,4.0,1,42.0,High,2
811,11951.0,2987.75,4,2023-05-04 04:00:00,3,85,Loan Payment,6.0,8.0,0,24.0,High,2
812,8096.0,2024.0,4,2023-06-14 04:00:00,2,44,Bill Payment,2.0,4.0,0,8.0,Low,0
813,21674.0,3096.285714285714,7,2023-07-10 08:00:00,3,17,Investment,8.0,3.0,1,56.0,High,1
814,21373.0,2137.3,10,2023-07-26 13:00:00,4,1,Loan Payment,3.0,5.0,1,30.0,Low,2
815,6459.0,3229.5,2,2023-06-16 15:00:00,2,41,Investment,5.0,5.0,0,10.0,High,1
816,11524.0,3841.3333333333335,3,2023-07-25 14:00:00,2,2,Bill Payment,8.0,10.0,0,24.0,High,0
817,10077.0,2519.25,4,2023-07-22 21:00:00,2,5,Bill Payment,9.0,10.0,0,36.0,Medium,0
818,10837.0,1548.142857142857,7,2023-05-22 22:00:00,3,66,Bill Payment,9.0,1.0,0,63.0,Low,0
819,19758.0,2469.75,8,2023-07-18 07:00:00,2,10,Investment,5.0,8.0,1,40.0,Medium,1
820,4636.0,1545.3333333333333,3,2023-03-13 05:00:00,3,137,Bill Payment,2.0,8.0,0,6.0,Low,0
821,19290.0,2755.714285714286,7,2023-05-28 11:00:00,3,60,Investment,7.0,8.0,1,49.0,High,1
822,9192.0,3064.0,3,2023-03-09 05:00:00,3,141,Bill Payment,7.0,10.0,0,21.0,High,0
823,27427.0,3918.1428571428573,7,2023-07-05 10:00:00,3,22,Bill Payment,8.0,4.0,1,56.0,High,0
824,9486.0,1581.0,6,2023-07-21 00:00:00,4,7,Bill Payment,8.0,9.0,0,48.0,Low,0
825,18574.0,3095.6666666666665,6,2023-07-21 09:00:00,3,6,Bill Payment,5.0,10.0,1,30.0,High,0
826,6906.0,2302.0,3,2023-07-15 21:00:00,3,12,Bill Payment,6.0,3.0,0,18.0,Medium,0
827,11668.0,2917.0,4,2023-06-14 01:00:00,3,44,Bill Payment,4.0,7.0,0,16.0,High,0
828,18193.0,2021.4444444444443,9,2023-07-20 03:00:00,4,8,Bill Payment,4.0,6.0,1,36.0,Low,0
829,4050.0,2025.0,2,2023-06-16 03:00:00,2,42,Investment,3.0,9.0,0,6.0,Low,1
830,22950.0,3278.5714285714284,7,2023-07-12 00:00:00,3,16,Investment,8.0,4.0,1,56.0,High,1
831,13554.0,3388.5,4,2023-07-04 23:00:00,3,23,Investment,3.0,4.0,0,12.0,High,1
832,20386.0,2912.285714285714,7,2023-04-08 19:00:00,4,110,Investment,5.0,6.0,1,35.0,High,1
833,24905.0,2490.5,10,2023-07-21 12:00:00,4,6,Investment,2.0,8.0,1,20.0,Medium,1
834,21192.0,2649.0,8,2023-07-20 10:00:00,3,7,Loan Payment,6.0,3.0,1,48.0,Medium,2
835,10327.0,2581.75,4,2023-07-05 03:00:00,3,23,Bill Payment,6.0,8.0,0,24.0,Medium,0
836,13760.0,2293.3333333333335,6,2023-07-26 04:00:00,3,2,Bill Payment,6.0,8.0,0,36.0,Medium,0
837,9766.0,1627.6666666666667,6,2023-06-29 01:00:00,4,29,Investment,6.0,7.0,0,36.0,Low,1
838,3660.0,1220.0,3,2023-04-21 17:00:00,3,97,Bill Payment,1.0,7.0,0,3.0,Low,0
839,8852.0,2213.0,4,2023-06-17 09:00:00,2,40,Loan Payment,5.0,5.0,0,20.0,Medium,2
840,14341.0,2048.714285714286,7,2023-07-27 10:00:00,4,0,Purchase,2.0,2.0,0,14.0,Low,3
841,3219.0,3219.0,1,2023-07-13 01:00:00,1,15,Investment,10.0,2.0,0,10.0,High,1
842,13593.0,2265.5,6,2023-06-17 05:00:00,4,41,Investment,5.0,10.0,0,30.0,Medium,1
843,10789.0,1798.1666666666667,6,2023-07-05 12:00:00,3,22,Purchase,10.0,8.0,0,60.0,Low,3
844,15749.0,3149.8,5,2023-06-26 00:00:00,3,32,Bill Payment,9.0,6.0,0,45.0,High,0
845,21656.0,3093.714285714286,7,2023-07-07 09:00:00,3,20,Purchase,4.0,8.0,1,28.0,High,3
846,9764.0,2441.0,4,2023-07-20 05:00:00,3,8,Purchase,8.0,3.0,0,32.0,Medium,3
847,20887.0,2320.777777777778,9,2023-06-18 00:00:00,4,40,Bill Payment,1.0,1.0,1,9.0,Medium,0
848,9491.0,2372.75,4,2023-06-12 04:00:00,2,46,Investment,8.0,6.0,0,32.0,Medium,1
849,16945.0,2420.714285714286,7,2023-06-12 01:00:00,3,46,Purchase,6.0,2.0,1,42.0,Medium,3
850,22584.0,2823.0,8,2023-07-08 15:00:00,4,19,Bill Payment,8.0,9.0,1,64.0,High,0
851,7840.0,1960.0,4,2023-06-09 22:00:00,4,48,Bill Payment,6.0,5.0,0,24.0,Low,0
852,12129.0,2425.8,5,2023-07-01 00:00:00,4,27,Loan Payment,3.0,5.0,0,15.0,Medium,2
853,14265.0,1783.125,8,2023-06-21 21:00:00,3,36,Investment,8.0,10.0,0,64.0,Low,1
854,32442.0,3604.6666666666665,9,2023-07-06 19:00:00,4,21,Bill Payment,5.0,8.0,1,45.0,High,0
855,13304.0,2217.3333333333335,6,2023-07-27 11:00:00,3,0,Bill Payment,6.0,6.0,0,36.0,Medium,0
856,12450.0,2075.0,6,2023-07-25 10:00:00,4,2,Bill Payment,5.0,3.0,0,30.0,Low,0
857,17484.0,4371.0,4,2023-03-19 13:00:00,2,130,Loan Payment,7.0,9.0,1,28.0,High,2
858,11334.0,3778.0,3,2023-05-07 14:00:00,2,81,Loan Payment,10.0,10.0,0,30.0,High,2
859,16089.0,2681.5,6,2023-06-19 20:00:00,4,38,Bill Payment,9.0,4.0,0,54.0,Medium,0
860,3599.0,1199.6666666666667,3,2023-04-06 17:00:00,2,112,Investment,7.0,10.0,0,21.0,Low,1
861,6344.0,1586.0,4,2023-05-26 08:00:00,2,62,Bill Payment,6.0,4.0,0,24.0,Low,0
862,11593.0,2898.25,4,2023-06-17 07:00:00,3,41,Loan Payment,5.0,2.0,0,20.0,High,2
863,10287.0,3429.0,3,2023-07-03 04:00:00,2,25,Bill Payment,9.0,3.0,0,27.0,High,0
864,25798.0,2149.8333333333335,12,2023-07-26 03:00:00,4,2,Loan Payment,10.0,4.0,1,120.0,Low,2
865,24578.0,2457.8,10,2023-06-20 18:00:00,4,37,Loan Payment,2.0,7.0,1,20.0,Medium,2
866,15258.0,3814.5,4,2023-07-25 22:00:00,3,2,Purchase,6.0,3.0,0,24.0,High,3
867,12065.0,2413.0,5,2023-06-18 07:00:00,4,40,Investment,8.0,8.0,0,40.0,Medium,1
868,11596.0,2899.0,4,2023-06-07 05:00:00,3,51,Loan Payment,8.0,8.0,0,32.0,High,2
869,16316.0,2719.3333333333335,6,2023-06-20 09:00:00,3,37,Purchase,2.0,10.0,0,12.0,Medium,3
870,3919.0,1306.3333333333333,3,2023-06-24 09:00:00,2,33,Bill Payment,8.0,2.0,0,24.0,Low,0
871,22842.0,2538.0,9,2023-07-14 20:00:00,4,13,Bill Payment,5.0,4.0,1,45.0,Medium,0
872,17249.0,3449.8,5,2023-07-17 14:00:00,2,10,Bill Payment,2.0,8.0,1,10.0,High,0
873,6031.0,1206.2,5,2023-07-20 20:00:00,3,7,Bill Payment,7.0,1.0,0,35.0,Low,0
874,10214.0,2042.8,5,2023-07-12 09:00:00,3,15,Investment,7.0,1.0,0,35.0,Low,1
875,4382.0,1460.6666666666667,3,2023-04-20 09:00:00,3,98,Bill Payment,3.0,4.0,0,9.0,Low,0
876,7129.0,1425.8,5,2023-06-28 21:00:00,3,29,Loan Payment,1.0,2.0,0,5.0,Low,2
877,6805.0,2268.3333333333335,3,2023-06-13 18:00:00,1,44,Loan Payment,4.0,1.0,0,12.0,Medium,2
878,9143.0,3047.6666666666665,3,2023-04-06 23:00:00,3,112,Investment,2.0,8.0,0,6.0,High,1
879,9582.0,2395.5,4,2023-07-05 00:00:00,3,23,Investment,4.0,2.0,0,16.0,Medium,1
880,10091.0,2522.75,4,2023-06-25 13:00:00,4,32,Bill Payment,8.0,4.0,0,32.0,Medium,0
881,14062.0,2812.4,5,2023-06-28 11:00:00,4,29,Purchase,2.0,3.0,0,10.0,High,3
882,7777.0,2592.3333333333335,3,2023-05-30 18:00:00,3,58,Bill Payment,1.0,2.0,0,3.0,Medium,0
883,11290.0,2822.5,4,2023-07-25 07:00:00,3,3,Bill Payment,3.0,8.0,0,12.0,High,0
884,9331.0,2332.75,4,2023-06-12 16:00:00,3,45,Investment,10.0,3.0,0,40.0,Medium,1
885,27775.0,2525.0,11,2023-07-19 22:00:00,4,8,Investment,7.0,9.0,1,77.0,Medium,1
886,25159.0,3144.875,8,2023-07-24 02:00:00,3,4,Bill Payment,6.0,10.0,1,48.0,High,0
887,8096.0,2024.0,4,2023-06-29 08:00:00,2,28,Loan Payment,6.0,5.0,0,24.0,Low,2
888,5621.0,1405.25,4,2023-07-25 01:00:00,4,3,Bill Payment,7.0,9.0,0,28.0,Low,0
889,5784.0,1928.0,3,2023-04-13 23:00:00,1,105,Investment,8.0,3.0,0,24.0,Low,1
890,6373.0,1593.25,4,2023-03-12 05:00:00,2,138,Bill Payment,3.0,5.0,0,12.0,Low,0
891,10467.0,3489.0,3,2023-04-19 05:00:00,2,100,Investment,3.0,10.0,0,9.0,High,1
892,7816.0,2605.3333333333335,3,2023-05-21 06:00:00,3,68,Bill Payment,10.0,6.0,0,30.0,Medium,0
893,20728.0,3454.6666666666665,6,2023-06-14 11:00:00,4,43,Loan Payment,8.0,9.0,1,48.0,High,2
894,7436.0,2478.6666666666665,3,2023-06-19 13:00:00,2,38,Bill Payment,7.0,8.0,0,21.0,Medium,0
895,11869.0,1483.625,8,2023-07-25 20:00:00,4,2,Loan Payment,10.0,2.0,0,80.0,Low,2
896,8024.0,1604.8,5,2023-04-29 12:00:00,2,89,Investment,5.0,2.0,0,25.0,Low,1
897,6984.0,1164.0,6,2023-07-03 13:00:00,3,24,Investment,4.0,5.0,0,24.0,Low,1
898,19588.0,2448.5,8,2023-07-23 21:00:00,4,4,Bill Payment,6.0,5.0,1,48.0,Medium,0
899,11928.0,2385.6,5,2023-07-04 12:00:00,3,23,Loan Payment,9.0,5.0,0,45.0,Medium,2
900,11465.0,2866.25,4,2023-06-21 15:00:00,2,36,Bill Payment,6.0,4.0,0,24.0,High,0
901,3091.0,1545.5,2,2023-07-01 03:00:00,2,27,Bill Payment,8.0,8.0,0,16.0,Low,0
902,12958.0,2159.6666666666665,6,2023-07-06 15:00:00,3,21,Purchase,1.0,5.0,0,6.0,Low,3
903,17248.0,2874.6666666666665,6,2023-07-14 02:00:00,4,14,Loan Payment,6.0,1.0,1,36.0,High,2
904,20086.0,2510.75,8,2023-07-19 09:00:00,4,8,Bill Payment,2.0,10.0,1,16.0,Medium,0
905,19396.0,2424.5,8,2023-07-12 07:00:00,2,16,Bill Payment,3.0,5.0,1,24.0,Medium,0
906,13497.0,2699.4,5,2023-07-12 02:00:00,3,16,Bill Payment,6.0,1.0,0,30.0,Medium,0
907,3429.0,1714.5,2,2023-06-30 04:00:00,2,28,Bill Payment,2.0,4.0,0,4.0,Low,0
908,7049.0,2349.6666666666665,3,2023-07-19 17:00:00,2,8,Purchase,4.0,1.0,0,12.0,Medium,3
909,12704.0,2117.3333333333335,6,2023-06-06 20:00:00,2,51,Loan Payment,6.0,6.0,0,36.0,Low,2
910,14195.0,2839.0,5,2023-07-10 14:00:00,3,17,Bill Payment,5.0,6.0,0,25.0,High,0
911,12646.0,2529.2,5,2023-06-11 23:00:00,3,46,Purchase,6.0,1.0,0,30.0,Medium,3
912,13115.0,2623.0,5,2023-04-18 09:00:00,3,100,Investment,6.0,8.0,0,30.0,Medium,1
913,11723.0,2930.75,4,2023-03-21 04:00:00,2,129,Loan Payment,8.0,4.0,0,32.0,High,2
914,12993.0,2598.6,5,2023-07-22 18:00:00,4,5,Purchase,9.0,2.0,0,45.0,Medium,3
915,16739.0,2092.375,8,2023-07-11 00:00:00,2,17,Bill Payment,5.0,1.0,1,40.0,Low,0
916,18406.0,2045.111111111111,9,2023-06-26 08:00:00,4,31,Bill Payment,6.0,3.0,1,54.0,Low,0
917,16007.0,2667.8333333333335,6,2023-07-23 04:00:00,3,5,Investment,6.0,7.0,0,36.0,Medium,1
918,9674.0,2418.5,4,2023-07-26 12:00:00,4,1,Bill Payment,6.0,10.0,0,24.0,Medium,0
919,9074.0,2268.5,4,2023-07-27 01:00:00,3,1,Bill Payment,2.0,10.0,0,8.0,Medium,0
920,5981.0,1993.6666666666667,3,2023-03-19 18:00:00,2,130,Purchase,4.0,8.0,0,12.0,Low,3
921,11234.0,2808.5,4,2023-06-30 21:00:00,3,27,Investment,1.0,5.0,0,4.0,High,1
922,286.0,286.0,1,2023-05-13 17:00:00,1,75,Purchase,1.0,7.0,0,1.0,Low,3
923,21334.0,1939.4545454545455,11,2023-07-25 23:00:00,4,2,Purchase,1.0,2.0,1,11.0,Low,3
924,15589.0,2598.1666666666665,6,2023-06-29 17:00:00,4,28,Bill Payment,7.0,4.0,0,42.0,Medium,0
925,25688.0,3669.714285714286,7,2023-07-20 22:00:00,4,7,Loan Payment,1.0,6.0,1,7.0,High,2
926,17256.0,2465.1428571428573,7,2023-07-18 04:00:00,4,10,Loan Payment,6.0,5.0,1,42.0,Medium,2
927,6433.0,2144.3333333333335,3,2023-07-17 00:00:00,2,11,Purchase,2.0,6.0,0,6.0,Low,3
928,19199.0,2742.714285714286,7,2023-07-04 14:00:00,3,23,Bill Payment,6.0,2.0,1,42.0,Medium,0
929,1335.0,667.5,2,2023-02-11 00:00:00,1,167,Investment,6.0,7.0,0,12.0,Low,1
930,23861.0,2386.1,10,2023-07-11 13:00:00,4,16,Loan Payment,3.0,8.0,1,30.0,Medium,2
931,11821.0,2364.2,5,2023-06-15 06:00:00,2,43,Bill Payment,8.0,9.0,0,40.0,Medium,0
932,4120.0,1373.3333333333333,3,2023-04-08 11:00:00,2,110,Bill Payment,4.0,6.0,0,12.0,Low,0
933,17358.0,2893.0,6,2023-07-17 01:00:00,3,11,Bill Payment,7.0,7.0,1,42.0,High,0
934,13207.0,3301.75,4,2023-06-14 23:00:00,3,43,Bill Payment,4.0,1.0,0,16.0,High,0
935,16155.0,2307.8571428571427,7,2023-07-01 01:00:00,3,27,Bill Payment,1.0,9.0,0,7.0,Medium,0
936,5115.0,2557.5,2,2023-04-27 23:00:00,2,91,Investment,6.0,6.0,0,12.0,Medium,1
937,8717.0,1743.4,5,2023-07-16 08:00:00,3,11,Bill Payment,5.0,4.0,0,25.0,Low,0
938,4276.0,2138.0,2,2023-06-24 18:00:00,1,33,Bill Payment,9.0,10.0,0,18.0,Low,0
939,12446.0,2489.2,5,2023-07-04 10:00:00,3,23,Investment,9.0,9.0,0,45.0,Medium,1
940,20808.0,2312.0,9,2023-07-28 06:00:00,4,0,Investment,8.0,1.0,1,72.0,Medium,1
941,14194.0,3548.5,4,2023-05-23 16:00:00,3,65,Bill Payment,7.0,2.0,0,28.0,High,0
942,22242.0,3177.4285714285716,7,2023-07-05 11:00:00,3,22,Bill Payment,2.0,3.0,1,14.0,High,0
943,12583.0,3145.75,4,2023-06-23 07:00:00,2,35,Bill Payment,8.0,1.0,0,32.0,High,0
944,28010.0,2801.0,10,2023-07-21 18:00:00,4,6,Purchase,3.0,2.0,1,30.0,High,3
945,11326.0,2265.2,5,2023-06-20 08:00:00,3,37,Bill Payment,6.0,2.0,0,30.0,Medium,0
946,8062.0,2015.5,4,2023-07-07 18:00:00,3,20,Purchase,10.0,7.0,0,40.0,Low,3
947,10655.0,2663.75,4,2023-04-01 14:00:00,2,117,Bill Payment,7.0,10.0,0,28.0,Medium,0
948,16412.0,2051.5,8,2023-07-22 12:00:00,4,5,Loan Payment,6.0,6.0,0,48.0,Low,2
949,10484.0,1747.3333333333333,6,2023-07-27 22:00:00,4,0,Investment,5.0,9.0,0,30.0,Low,1
951,2091.0,1045.5,2,2023-05-06 20:00:00,2,82,Investment,2.0,9.0,0,4.0,Low,1
952,10566.0,1761.0,6,2023-06-30 15:00:00,4,27,Loan Payment,9.0,10.0,0,54.0,Low,2
953,13239.0,2647.8,5,2023-06-13 06:00:00,2,45,Purchase,7.0,9.0,0,35.0,Medium,3
954,14857.0,2122.4285714285716,7,2023-07-18 05:00:00,3,10,Loan Payment,7.0,2.0,0,49.0,Low,2
955,17244.0,2874.0,6,2023-05-11 06:00:00,4,78,Bill Payment,4.0,9.0,1,24.0,High,0
956,3948.0,1316.0,3,2023-06-13 12:00:00,3,44,Bill Payment,5.0,3.0,0,15.0,Low,0
957,12351.0,4117.0,3,2023-07-20 08:00:00,2,7,Bill Payment,6.0,3.0,0,18.0,High,0
958,14942.0,2988.4,5,2023-07-19 15:00:00,3,8,Investment,2.0,9.0,0,10.0,High,1
959,30654.0,2786.7272727272725,11,2023-07-23 07:00:00,3,5,Loan Payment,4.0,7.0,1,44.0,High,2
960,15819.0,3163.8,5,2023-07-16 22:00:00,3,11,Bill Payment,4.0,8.0,0,20.0,High,0
961,4226.0,1408.6666666666667,3,2023-07-19 02:00:00,2,9,Investment,4.0,7.0,0,12.0,Low,1
962,12654.0,2109.0,6,2023-07-09 10:00:00,3,18,Purchase,7.0,9.0,0,42.0,Low,3
963,17066.0,2438.0,7,2023-07-01 02:00:00,4,27,Loan Payment,7.0,8.0,1,49.0,Medium,2
964,24420.0,2713.3333333333335,9,2023-06-21 06:00:00,3,37,Bill Payment,6.0,4.0,1,54.0,Medium,0
965,4884.0,1628.0,3,2023-06-29 21:00:00,1,28,Investment,7.0,2.0,0,21.0,Low,1
966,6787.0,1696.75,4,2023-07-19 00:00:00,2,9,Investment,2.0,5.0,0,8.0,Low,1
967,12900.0,2580.0,5,2023-07-13 18:00:00,3,14,Bill Payment,5.0,2.0,0,25.0,Medium,0
968,6611.0,1322.2,5,2023-07-20 11:00:00,2,7,Purchase,10.0,4.0,0,50.0,Low,3
969,26852.0,2685.2,10,2023-07-23 15:00:00,4,4,Bill Payment,2.0,2.0,1,20.0,Medium,0
970,11934.0,2983.5,4,2023-06-08 07:00:00,3,50,Loan Payment,5.0,5.0,0,20.0,High,2
971,4164.0,2082.0,2,2023-06-19 04:00:00,2,39,Bill Payment,6.0,6.0,0,12.0,Low,0
972,1065.0,1065.0,1,2023-05-12 03:00:00,1,77,Purchase,3.0,1.0,0,3.0,Low,3
973,8433.0,2811.0,3,2023-05-31 08:00:00,2,57,Bill Payment,6.0,8.0,0,18.0,High,0
974,6081.0,1520.25,4,2023-02-26 00:00:00,4,152,Bill Payment,5.0,2.0,0,20.0,Low,0
975,10555.0,2111.0,5,2023-04-23 01:00:00,3,96,Bill Payment,4.0,5.0,0,20.0,Low,0
976,5424.0,1808.0,3,2023-05-10 10:00:00,3,78,Bill Payment,10.0,8.0,0,30.0,Low,0
977,19202.0,3840.4,5,2023-06-14 14:00:00,3,43,Bill Payment,9.0,5.0,1,45.0,High,0
978,8047.0,4023.5,2,2023-07-13 20:00:00,2,14,Investment,8.0,3.0,0,16.0,High,1
979,3377.0,1125.6666666666667,3,2023-07-08 00:00:00,2,20,Bill Payment,7.0,6.0,0,21.0,Low,0
980,11152.0,2230.4,5,2023-06-08 22:00:00,4,49,Purchase,1.0,1.0,0,5.0,Medium,3
981,8718.0,2906.0,3,2023-02-04 20:00:00,2,173,Purchase,9.0,1.0,0,27.0,High,3
982,17867.0,2233.375,8,2023-07-05 21:00:00,3,22,Purchase,9.0,8.0,1,72.0,Medium,3
983,12069.0,2413.8,5,2023-06-05 22:00:00,2,52,Purchase,6.0,7.0,0,30.0,Medium,3
984,16146.0,2691.0,6,2023-07-03 12:00:00,3,24,Bill Payment,7.0,10.0,0,42.0,Medium,0
985,10770.0,2692.5,4,2023-07-14 15:00:00,2,13,Loan Payment,3.0,10.0,0,12.0,Medium,2
986,15036.0,3007.2,5,2023-07-18 16:00:00,3,9,Loan Payment,5.0,3.0,0,25.0,High,2
987,24000.0,3000.0,8,2023-06-24 00:00:00,4,34,Loan Payment,7.0,8.0,1,56.0,High,2
988,16165.0,2020.625,8,2023-07-24 03:00:00,3,4,Purchase,1.0,8.0,0,8.0,Low,3
989,13743.0,2748.6,5,2023-07-19 18:00:00,4,8,Loan Payment,1.0,1.0,0,5.0,Medium,2
990,15603.0,3120.6,5,2023-07-21 20:00:00,3,6,Loan Payment,5.0,10.0,0,25.0,High,2
991,16805.0,3361.0,5,2023-07-27 06:00:00,3,1,Investment,9.0,7.0,1,45.0,High,1
992,17408.0,1934.2222222222222,9,2023-07-17 22:00:00,3,10,Bill Payment,7.0,2.0,1,63.0,Low,0
993,22024.0,3670.6666666666665,6,2023-07-17 08:00:00,3,10,Investment,1.0,2.0,1,6.0,High,1
994,27064.0,2706.4,10,2023-07-12 05:00:00,4,16,Loan Payment,5.0,2.0,1,50.0,Medium,2
995,16503.0,2357.5714285714284,7,2023-07-06 01:00:00,4,22,Loan Payment,8.0,5.0,1,56.0,Medium,2
996,5759.0,1919.6666666666667,3,2023-07-05 15:00:00,3,22,Investment,8.0,7.0,0,24.0,Low,1
997,8180.0,2045.0,4,2023-07-11 07:00:00,2,17,Investment,2.0,4.0,0,8.0,Low,1
998,14211.0,2842.2,5,2023-07-25 19:00:00,4,2,Bill Payment,7.0,4.0,0,35.0,High,0
999,23962.0,2662.4444444444443,9,2023-07-13 10:00:00,3,14,Investment,10.0,9.0,1,90.0,Medium,1
1000,9652.0,1608.6666666666667,6,2023-06-20 11:00:00,3,37,Loan Payment,5.0,10.0,0,30.0,Low,2
